dbar,parameter,deployments,count,mean,std,min,25%,50%,75%,max
"(0, 1]",DO,3,   1.000000, 262.082001,, 262.082001, 262.082001, 262.082001, 262.082001, 262.082001
"(1, 2]",DO,3,  30.000000, 264.124335,   3.677393, 259.475006, 262.054993, 262.686996, 265.531502, 272.316986
"(2, 3]",DO,3,  21.000000, 265.605043,   4.304924, 259.709991, 262.854004, 264.235992, 267.295990, 273.661987
"(3, 4]",DO,3,  22.000000, 267.042457,   5.338053, 260.354004, 263.028008, 265.404999, 270.124001, 276.764008
"(4, 5]",DO,3,  19.000000, 267.857420,   5.306945, 261.355988, 263.561996, 266.515015, 270.525497, 279.347992
"(5, 6]",DO,3,  21.000000, 268.671430,   5.407548, 263.044006, 263.794006, 267.464996, 271.329010, 279.260986
"(6, 7]",DO,3,  21.000000, 269.521763,   5.438531, 262.022003, 265.910004, 268.394989, 272.609009, 280.187988
"(7, 8]",DO,3,  25.000000, 272.006000,   6.120917, 263.738007, 267.786011, 270.882996, 274.955994, 282.901001
"(8, 9]",DO,3,  23.000000, 275.080780,   7.551011, 264.304993, 269.513992, 273.821014, 280.923004, 289.170990
"(9, 10]",DO,3,  21.000000, 279.348284,   7.979738, 265.644989, 273.949005, 276.472992, 287.437988, 293.506989
"(10, 11]",DO,3,  21.000000, 277.956906,   8.011749, 266.416992, 273.904999, 276.911011, 282.207001, 294.477997
"(11, 12]",DO,3,  23.000000, 282.864130,   7.916112, 270.854004, 276.937500, 283.376007, 287.665009, 298.377014
"(12, 13]",DO,3,  24.000000, 285.684088,   7.692487, 275.114014, 279.678246, 283.365997, 292.736511, 299.294006
"(13, 14]",DO,3,  22.000000, 290.735274,   7.001743, 279.737000, 285.769005, 289.671509, 295.020752, 303.890991
"(14, 15]",DO,3,  19.000000, 293.917582,   6.479695, 285.151001, 288.445999, 292.803009, 298.456512, 307.031006
"(15, 16]",DO,3,  22.000000, 297.274637,   6.238438, 286.231995, 294.072746, 297.319504, 301.622505, 308.725006
"(16, 17]",DO,3,  25.000000, 303.471278,   5.958023, 292.054993, 299.562012, 302.582001, 307.859985, 315.670013
"(17, 18]",DO,3,  26.000000, 306.006805,   8.649269, 287.311005, 299.154755, 306.924988, 310.188751, 321.303986
"(18, 19]",DO,3,  18.000000, 307.098831,   8.834221, 293.601013, 300.618256, 307.155487, 313.120491, 326.028992
"(19, 20]",DO,3,  19.000000, 308.702365,   9.220998, 290.914001, 303.922501, 310.187988, 313.134995, 332.260986
"(20, 21]",DO,3,  19.000000, 309.788897,   9.915277, 293.285004, 303.711502, 310.154999, 315.608505, 334.865997
"(21, 22]",DO,3,  17.000000, 314.911354,  16.538703, 296.726013, 304.455994, 309.319000, 317.808014, 357.968994
"(22, 23]",DO,3,  23.000000, 312.474003,  14.475048, 294.402008, 303.547501, 309.903015, 319.179489, 365.833008
"(23, 24]",DO,3,  21.000000, 312.496143,  17.418733, 288.493011, 303.084015, 310.817993, 321.412994, 369.209991
"(24, 25]",DO,3,  16.000000, 319.063564,  17.957934, 297.876007, 310.251503, 317.138504, 322.382500, 370.367004
"(25, 26]",DO,3,  19.000000, 307.797521,  14.552725, 287.661011, 296.041489, 300.868988, 318.202499, 339.386993
"(26, 27]",DO,3,  17.000000, 314.018002,  19.756246, 290.833008, 297.003998, 312.225006, 316.919006, 369.140991
"(27, 28]",DO,3,  19.000000, 310.122791,  16.323709, 286.794006, 293.814499, 312.687012, 322.555496, 344.348999
"(28, 29]",DO,3,  22.000000, 308.513455,  21.023948, 284.178986, 290.020500, 308.910507, 316.386238, 370.015015
"(29, 30]",DO,3,  16.000000, 310.909000,  21.478203, 282.432007, 298.937759, 307.544998, 318.488503, 366.291992
"(30, 31]",DO,3,  18.000000, 303.612778,  18.292004, 282.635010, 289.787491, 302.109497, 308.290009, 345.446014
"(31, 32]",DO,3,  19.000000, 301.238209,  21.933542, 267.333008, 285.715500, 301.312012, 306.801498, 356.911011
"(32, 33]",DO,3,  14.000000, 303.714715,  23.203536, 270.537994, 288.379753, 297.868011, 311.772758, 347.165985
"(33, 34]",DO,3,  19.000000, 292.779893,  16.748358, 272.576996, 278.420486, 289.647003, 307.069504, 331.240997
"(34, 35]",DO,3,  15.000000, 298.041003,  18.932913, 270.584015, 287.723495, 294.834015, 306.226501, 336.184998
"(35, 36]",DO,3,  20.000000, 291.465255,  23.112348, 254.889999, 271.307503, 287.100510, 310.424248, 330.535004
"(36, 37]",DO,3,  18.000000, 286.102780,  14.886954, 263.598999, 273.604507, 288.167999, 299.498505, 308.500000
"(37, 38]",DO,3,  14.000000, 283.214643,  18.196807, 258.832001, 265.372490, 289.630997, 292.366493, 320.498993
"(38, 39]",DO,3,  15.000000, 274.408732,  10.917292, 260.153992, 265.007004, 271.139008, 282.497498, 295.816986
"(39, 40]",DO,3,  13.000000, 273.763232,  15.144439, 253.835007, 261.721985, 278.819000, 284.710999, 295.108002
"(40, 41]",DO,3,  18.000000, 269.574334,  13.402170, 245.936005, 260.996506, 270.795013, 277.641747, 291.352997
"(41, 42]",DO,3,  12.000000, 266.332581,  13.750653, 244.667999, 257.305744, 266.500504, 276.834251, 288.135986
"(42, 43]",DO,3,  17.000000, 265.836526,  14.888118, 237.552002, 258.885010, 263.446991, 271.981995, 299.242004
"(43, 44]",DO,3,  12.000000, 259.651169,  15.067460, 229.386002, 252.616505, 258.520996, 268.458260, 282.596008
"(44, 45]",DO,3,  18.000000, 255.246275,  15.082243, 221.451996, 250.792255, 255.554001, 263.564743, 280.786987
"(45, 46]",DO,3,  10.000000, 253.595998,  15.833520, 223.565002, 243.646252, 254.804497, 261.571754, 277.704987
"(46, 47]",DO,3,  15.000000, 254.672067,   9.539462, 240.393997, 248.644501, 250.938995, 259.013504, 275.716003
"(47, 48]",DO,3,   9.000000, 247.785892,  15.039327, 215.813004, 243.936005, 249.076004, 255.841995, 269.907013
"(48, 49]",DO,3,  14.000000, 246.943499,  14.110889, 211.621994, 243.973000, 245.606003, 252.077248, 271.003998
"(49, 50]",DO,3,  15.000000, 243.855068,  17.538705, 206.764008, 235.753998, 248.125000, 252.120506, 266.630005
"(50, 51]",DO,3,  13.000000, 237.949079,  17.772484, 201.860992, 234.363007, 241.197006, 249.746002, 264.958008
"(51, 52]",DO,3,  14.000000, 244.783713,   9.185046, 229.884995, 241.100746, 243.395996, 248.854248, 262.644012
"(52, 53]",DO,3,  13.000000, 230.470230,  22.939352, 192.481995, 206.580994, 238.901993, 244.102005, 260.411011
"(53, 54]",DO,3,  16.000000, 238.183374,  13.891711, 197.664993, 234.865753, 236.960503, 246.625496, 259.970001
"(54, 55]",DO,3,  12.000000, 237.499833,  15.255541, 195.240997, 235.432255, 236.494499, 244.477505, 257.933990
"(55, 56]",DO,3,  15.000000, 234.800065,  14.506400, 192.216995, 232.060997, 234.334000, 240.208000, 257.614990
"(56, 57]",DO,3,  18.000000, 214.535889,  26.391096, 180.309998, 187.017498, 230.543495, 235.772999, 254.335999
"(57, 58]",DO,3,  11.000000, 237.299455,   8.332791, 226.746994, 231.551003, 234.718002, 242.198502, 252.320999
"(58, 59]",DO,3,  12.000000, 221.670250,  22.631389, 183.345993, 217.229000, 230.918495, 233.611500, 250.574005
"(59, 60]",DO,3,  11.000000, 229.069364,  15.727012, 187.298004, 227.105499, 229.578995, 238.733002, 245.988998
"(60, 61]",DO,3,  15.000000, 220.995066,  20.518620, 179.658005, 223.946503, 229.964005, 232.438995, 240.621002
"(61, 62]",DO,3,  10.000000, 227.371399,  15.104717, 187.138000, 226.245499, 230.102501, 235.346748, 241.274994
"(62, 63]",DO,3,  14.000000, 221.218642,  16.073195, 183.134995, 222.240753, 226.486000, 229.860497, 236.011993
"(63, 64]",DO,3,   9.000000, 227.451889,   2.789801, 223.348007, 225.229996, 227.612000, 229.093994, 231.348007
"(64, 65]",DO,3,  12.000000, 212.309165,  22.441917, 179.362000, 186.011002, 222.223503, 229.421494, 235.705994
"(65, 66]",DO,3,  14.000000, 225.653071,   4.591008, 218.960999, 222.699745, 225.547997, 227.611248, 236.759003
"(66, 67]",DO,3,   9.000000, 215.044668,  17.656208, 182.574997, 216.371002, 222.210007, 226.190002, 229.195007
"(67, 68]",DO,3,  11.000000, 225.590729,   5.971290, 217.447006, 221.026001, 225.029999, 228.716003, 235.389008
"(68, 69]",DO,3,  12.000000, 216.498332,  15.542480, 181.162003, 217.520245, 222.130501, 224.328243, 228.906006
"(69, 70]",DO,3,  10.000000, 206.676799,  21.495156, 181.824005, 182.081493, 218.165001, 224.545494, 229.136002
"(70, 71]",DO,3,  17.000000, 218.669883,  13.828016, 181.830002, 217.026001, 221.867004, 225.132004, 234.371994
"(71, 72]",DO,3,  10.000000, 219.058699,  13.763592, 181.733994, 218.626003, 222.735497, 226.252754, 228.468994
"(72, 73]",DO,3,  16.000000, 217.301374,  13.429618, 183.106995, 216.145748, 220.602005, 222.982246, 233.634003
"(73, 74]",DO,3,  17.000000, 215.253412,  13.474752, 180.811005, 216.141998, 216.289993, 223.585007, 227.703003
"(74, 75]",DO,3,  80.000000, 222.228625,   5.848205, 187.063995, 218.722996, 223.541000, 225.689995, 228.873001
"(75, 76]",DO,3,  78.000000, 218.423475,  11.497852, 180.740997, 218.120506, 221.042999, 224.452248, 233.233002
"(76, 77]",DO,3,  23.000000, 230.375261,  11.804052, 183.757996, 227.919502, 232.806000, 233.103500, 244.268005
"(77, 78]",DO,3,   4.000000, 182.478497,   1.707988, 180.690994, 181.188251, 182.563499, 183.853745, 184.095993
"(78, 79]",DO,3,   0.000000,,,,,,,
"(79, 80]",DO,3,   7.000000, 183.245287,   3.226910, 177.292007, 181.838997, 184.654007, 185.647499, 185.798004
"(80, 81]",DO,3,  46.000000, 181.581237,   3.712207, 176.649002, 177.316998, 181.258003, 183.271751, 187.867996
"(0, 1]",DO - Pressure Temp Sal Corrected,3,   1.000000, 212.144227,, 212.144227, 212.144227, 212.144227, 212.144227, 212.144227
"(1, 2]",DO - Pressure Temp Sal Corrected,3,  30.000000, 213.565594,   2.848995, 210.251944, 211.497384, 212.578209, 213.977621, 220.300349
"(2, 3]",DO - Pressure Temp Sal Corrected,3,  21.000000, 214.604639,   3.363161, 210.455676, 212.671178, 213.576993, 216.153086, 221.045168
"(3, 4]",DO - Pressure Temp Sal Corrected,3,  22.000000, 215.722749,   4.210848, 210.699055, 212.794682, 214.200507, 217.812360, 223.242324
"(4, 5]",DO - Pressure Temp Sal Corrected,3,  19.000000, 216.248492,   4.195376, 211.129190, 213.162393, 215.331063, 218.397843, 225.257321
"(5, 6]",DO - Pressure Temp Sal Corrected,3,  21.000000, 216.875843,   4.404005, 211.596274, 213.090925, 215.923371, 218.681260, 225.606483
"(6, 7]",DO - Pressure Temp Sal Corrected,3,  21.000000, 217.593358,   4.377969, 212.351564, 214.541562, 216.371830, 220.174113, 226.380239
"(7, 8]",DO - Pressure Temp Sal Corrected,3,  25.000000, 219.442378,   4.993771, 212.796432, 216.004891, 218.379017, 222.077952, 228.587214
"(8, 9]",DO - Pressure Temp Sal Corrected,3,  23.000000, 221.811355,   6.121938, 213.292339, 217.397431, 221.035533, 226.419955, 232.915940
"(9, 10]",DO - Pressure Temp Sal Corrected,3,  21.000000, 225.173796,   6.462649, 214.341561, 220.384788, 222.764061, 232.101728, 236.747990
"(10, 11]",DO - Pressure Temp Sal Corrected,3,  21.000000, 223.823001,   6.206190, 215.392644, 220.631414, 223.009193, 227.439148, 236.572789
"(11, 12]",DO - Pressure Temp Sal Corrected,3,  23.000000, 227.565086,   6.319597, 218.192167, 222.421964, 227.620194, 231.522284, 239.429731
"(12, 13]",DO - Pressure Temp Sal Corrected,3,  24.000000, 229.683724,   6.084328, 221.504638, 224.768273, 227.336544, 235.630887, 240.758528
"(13, 14]",DO - Pressure Temp Sal Corrected,3,  22.000000, 233.329710,   5.306801, 225.246010, 229.115108, 232.599153, 236.664941, 243.447976
"(14, 15]",DO - Pressure Temp Sal Corrected,3,  19.000000, 235.680785,   5.024518, 228.870834, 232.040536, 235.033266, 238.641976, 245.913514
"(15, 16]",DO - Pressure Temp Sal Corrected,3,  22.000000, 238.065721,   4.894954, 228.877926, 235.376143, 237.539354, 241.380094, 247.057756
"(16, 17]",DO - Pressure Temp Sal Corrected,3,  25.000000, 242.815623,   4.880152, 234.276992, 239.601597, 241.638811, 245.619283, 252.571173
"(17, 18]",DO - Pressure Temp Sal Corrected,3,  26.000000, 244.329687,   7.077200, 229.425772, 239.170373, 244.658959, 247.698538, 257.137664
"(18, 19]",DO - Pressure Temp Sal Corrected,3,  18.000000, 244.868673,   7.300379, 233.235552, 239.797888, 244.787373, 249.461660, 261.659223
"(19, 20]",DO - Pressure Temp Sal Corrected,3,  19.000000, 245.912821,   7.681257, 232.221661, 242.362034, 247.818708, 249.587110, 266.164192
"(20, 21]",DO - Pressure Temp Sal Corrected,3,  19.000000, 246.397080,   8.284505, 233.341174, 241.246468, 246.826163, 251.153621, 267.810671
"(21, 22]",DO - Pressure Temp Sal Corrected,3,  17.000000, 250.169526,  13.441152, 234.531608, 242.447679, 245.649679, 252.614967, 284.924535
"(22, 23]",DO - Pressure Temp Sal Corrected,3,  23.000000, 248.019343,  11.571795, 233.852634, 240.564881, 245.746080, 253.699853, 290.635147
"(23, 24]",DO - Pressure Temp Sal Corrected,3,  21.000000, 247.797625,  13.857337, 228.704724, 240.977113, 246.084440, 255.557577, 292.583400
"(24, 25]",DO - Pressure Temp Sal Corrected,3,  16.000000, 252.790568,  14.192141, 236.428471, 245.587680, 251.023460, 255.922033, 293.282758
"(25, 26]",DO - Pressure Temp Sal Corrected,3,  19.000000, 243.764813,  11.524638, 228.129792, 234.435809, 238.815216, 251.860340, 268.516434
"(26, 27]",DO - Pressure Temp Sal Corrected,3,  17.000000, 248.445624,  15.627873, 230.283856, 235.382472, 246.870417, 250.671930, 292.152876
"(27, 28]",DO - Pressure Temp Sal Corrected,3,  19.000000, 245.253167,  12.828136, 227.524457, 232.283584, 247.179609, 254.946838, 272.086464
"(28, 29]",DO - Pressure Temp Sal Corrected,3,  22.000000, 243.838921,  16.604151, 224.935779, 229.432298, 244.061556, 250.040737, 292.512825
"(29, 30]",DO - Pressure Temp Sal Corrected,3,  16.000000, 245.587194,  16.929031, 222.948478, 236.039453, 242.923490, 251.588368, 289.171369
"(30, 31]",DO - Pressure Temp Sal Corrected,3,  18.000000, 239.581818,  14.415781, 223.241030, 228.643849, 238.260526, 243.394100, 272.588904
"(31, 32]",DO - Pressure Temp Sal Corrected,3,  19.000000, 237.617115,  17.262828, 210.855031, 224.854723, 237.785844, 242.223841, 281.151777
"(32, 33]",DO - Pressure Temp Sal Corrected,3,  14.000000, 239.446396,  18.090332, 213.784341, 227.304116, 235.319195, 245.749102, 273.211745
"(33, 34]",DO - Pressure Temp Sal Corrected,3,  19.000000, 230.673692,  13.230745, 214.798522, 219.250728, 228.395379, 242.323240, 260.628755
"(34, 35]",DO - Pressure Temp Sal Corrected,3,  15.000000, 234.756719,  14.781255, 213.105025, 226.689892, 232.304218, 241.386862, 264.431889
"(35, 36]",DO - Pressure Temp Sal Corrected,3,  20.000000, 229.387079,  18.088413, 200.859621, 213.171321, 226.468776, 244.278720, 259.907365
"(36, 37]",DO - Pressure Temp Sal Corrected,3,  18.000000, 225.124562,  11.669931, 207.418827, 215.186539, 227.226465, 235.325432, 242.497811
"(37, 38]",DO - Pressure Temp Sal Corrected,3,  14.000000, 222.794168,  14.331582, 203.620913, 208.829911, 227.809550, 230.436700, 251.932008
"(38, 39]",DO - Pressure Temp Sal Corrected,3,  15.000000, 215.827715,   8.560264, 204.417751, 208.549683, 213.179995, 222.600350, 232.396705
"(39, 40]",DO - Pressure Temp Sal Corrected,3,  13.000000, 215.312194,  11.969348, 199.655623, 206.001776, 219.171653, 223.640747, 232.605743
"(40, 41]",DO - Pressure Temp Sal Corrected,3,  18.000000, 211.962050,  10.517063, 193.497630, 205.206647, 212.797373, 218.269678, 228.883677
"(41, 42]",DO - Pressure Temp Sal Corrected,3,  12.000000, 209.404428,  10.809189, 192.373256, 202.211092, 209.818894, 217.482901, 226.361168
"(42, 43]",DO - Pressure Temp Sal Corrected,3,  17.000000, 208.884356,  11.711044, 186.808391, 203.425433, 207.068880, 213.920122, 235.124241
"(43, 44]",DO - Pressure Temp Sal Corrected,3,  12.000000, 204.029207,  11.809323, 180.381448, 198.458227, 203.435269, 210.826764, 221.941848
"(44, 45]",DO - Pressure Temp Sal Corrected,3,  18.000000, 200.512393,  11.832428, 174.141336, 197.156949, 200.653379, 207.041859, 220.512897
"(45, 46]",DO - Pressure Temp Sal Corrected,3,  10.000000, 199.183984,  12.446920, 175.684536, 191.371609, 199.981631, 205.569602, 218.045778
"(46, 47]",DO - Pressure Temp Sal Corrected,3,  15.000000, 200.013973,   7.509982, 188.610938, 195.246841, 197.088055, 203.457107, 216.487178
"(47, 48]",DO - Pressure Temp Sal Corrected,3,   9.000000, 194.575533,  11.816992, 169.558526, 191.485715, 195.419558, 200.861947, 212.058121
"(48, 49]",DO - Pressure Temp Sal Corrected,3,  14.000000, 193.879264,  11.104421, 166.190820, 191.812431, 192.753200, 197.868632, 212.772855
"(49, 50]",DO - Pressure Temp Sal Corrected,3,  15.000000, 191.470050,  13.764722, 162.376642, 185.041014, 194.795422, 197.900740, 209.338255
"(50, 51]",DO - Pressure Temp Sal Corrected,3,  13.000000, 186.779722,  13.969839, 158.370548, 183.878506, 189.222960, 196.002882, 208.002129
"(51, 52]",DO - Pressure Temp Sal Corrected,3,  14.000000, 192.124315,   7.242800, 180.435698, 189.299808, 191.018796, 195.316766, 206.135706
"(52, 53]",DO - Pressure Temp Sal Corrected,3,  13.000000, 180.860382,  17.998455, 151.092578, 162.148531, 187.466188, 191.561290, 204.380286
"(53, 54]",DO - Pressure Temp Sal Corrected,3,  16.000000, 186.895615,  10.923042, 155.108648, 184.289198, 185.940573, 193.530447, 204.012507
"(54, 55]",DO - Pressure Temp Sal Corrected,3,  12.000000, 186.346442,  12.000316, 153.116979, 184.646311, 185.581321, 191.845620, 202.403132
"(55, 56]",DO - Pressure Temp Sal Corrected,3,  15.000000, 184.208541,  11.433410, 150.674604, 182.061340, 183.814977, 188.483193, 202.154520
"(56, 57]",DO - Pressure Temp Sal Corrected,3,  18.000000, 168.296819,  20.738357, 141.461199, 146.685448, 180.857845, 184.972338, 199.584960
"(57, 58]",DO - Pressure Temp Sal Corrected,3,  11.000000, 186.171238,   6.597642, 177.712130, 181.588294, 184.177494, 190.080885, 197.987759
"(58, 59]",DO - Pressure Temp Sal Corrected,3,  12.000000, 173.869801,  17.823622, 143.648436, 170.372935, 181.112940, 183.264310, 196.638170
"(59, 60]",DO - Pressure Temp Sal Corrected,3,  11.000000, 179.652590,  12.394362, 146.761521, 178.038212, 180.055063, 187.247142, 193.037009
"(60, 61]",DO - Pressure Temp Sal Corrected,3,  15.000000, 173.307016,  16.167691, 140.749047, 175.622133, 180.392650, 182.279411, 188.738507
"(61, 62]",DO - Pressure Temp Sal Corrected,3,  10.000000, 178.283809,  11.925643, 146.554166, 177.391408, 180.430630, 184.618477, 189.319249
"(62, 63]",DO - Pressure Temp Sal Corrected,3,  14.000000, 173.134565,  12.544794, 143.443947, 173.195477, 177.567757, 180.225139, 183.732478
"(63, 64]",DO - Pressure Temp Sal Corrected,3,   9.000000, 177.856568,   2.347457, 174.994144, 176.615476, 177.336870, 179.589957, 181.381415
"(64, 65]",DO - Pressure Temp Sal Corrected,3,  12.000000, 165.714465,  17.287155, 140.068716, 145.643993, 173.625624, 178.682119, 184.220057
"(65, 66]",DO - Pressure Temp Sal Corrected,3,  14.000000, 176.333639,   3.479536, 170.925624, 174.212617, 176.405003, 178.043449, 184.248074
"(66, 67]",DO - Pressure Temp Sal Corrected,3,   9.000000, 167.942823,  13.750120, 142.610808, 167.965397, 173.866498, 177.282925, 178.763982
"(67, 68]",DO - Pressure Temp Sal Corrected,3,  11.000000, 176.363150,   4.527603, 169.973498, 173.077498, 175.926661, 178.789241, 183.580607
"(68, 69]",DO - Pressure Temp Sal Corrected,3,  12.000000, 169.317391,  12.179105, 141.740756, 170.183527, 173.720767, 175.583359, 179.181727
"(69, 70]",DO - Pressure Temp Sal Corrected,3,  10.000000, 161.644712,  16.772833, 142.313715, 142.454454, 170.575444, 175.579171, 179.071700
"(70, 71]",DO - Pressure Temp Sal Corrected,3,  17.000000, 171.166187,  10.847380, 142.297713, 170.041237, 173.643953, 176.338422, 183.293583
"(71, 72]",DO - Pressure Temp Sal Corrected,3,  10.000000, 171.477899,  10.783531, 142.237668, 170.909304, 174.494220, 177.160554, 178.896313
"(72, 73]",DO - Pressure Temp Sal Corrected,3,  16.000000, 170.176388,  10.578683, 143.234435, 169.381430, 172.798808, 174.693533, 182.947125
"(73, 74]",DO - Pressure Temp Sal Corrected,3,  17.000000, 168.647749,  10.588088, 141.510233, 169.448427, 169.545073, 175.122829, 178.229277
"(74, 75]",DO - Pressure Temp Sal Corrected,3,  80.000000, 174.120445,   4.579278, 146.566673, 171.391921, 175.101065, 176.807228, 179.310425
"(75, 76]",DO - Pressure Temp Sal Corrected,3,  78.000000, 171.108374,   9.032763, 141.485670, 170.794802, 173.133449, 175.849428, 182.871016
"(76, 77]",DO - Pressure Temp Sal Corrected,3,  23.000000, 180.498610,   9.256918, 143.892544, 178.549418, 182.489423, 182.748486, 191.347919
"(77, 78]",DO - Pressure Temp Sal Corrected,3,   4.000000, 142.849219,   1.329273, 141.459757, 141.851075, 142.886130, 143.884274, 144.164860
"(78, 79]",DO - Pressure Temp Sal Corrected,3,   0.000000,,,,,,,
"(79, 80]",DO - Pressure Temp Sal Corrected,3,   7.000000, 143.520843,   2.543479, 138.865740, 142.367078, 144.646110, 145.425187, 145.549525
"(80, 81]",DO - Pressure Temp Sal Corrected,3,  46.000000, 142.202196,   2.916699, 138.331228, 138.887038, 141.918320, 143.522821, 147.158380
"(0, 1]",DO - Temp Corrected,3,   1.000000, 262.074308,, 262.074308, 262.074308, 262.074308, 262.074308, 262.074308
"(1, 2]",DO - Temp Corrected,3,  30.000000, 264.124941,   3.677044, 259.482116, 262.052686, 262.691116, 265.521796, 272.324797
"(2, 3]",DO - Temp Corrected,3,  21.000000, 265.603273,   4.305707, 259.707005, 262.858414, 264.245137, 267.295227, 273.657763
"(3, 4]",DO - Temp Corrected,3,  22.000000, 267.042439,   5.339851, 260.341201, 263.031266, 265.403473, 270.117174, 276.777270
"(4, 5]",DO - Temp Corrected,3,  19.000000, 267.859042,   5.307281, 261.345743, 263.559160, 266.525913, 270.531157, 279.339664
"(5, 6]",DO - Temp Corrected,3,  21.000000, 268.670554,   5.406098, 263.046299, 263.789349, 267.474337, 271.324618, 279.271231
"(6, 7]",DO - Temp Corrected,3,  21.000000, 269.520595,   5.441137, 262.024110, 265.917577, 268.380770, 272.619178, 280.197550
"(7, 8]",DO - Temp Corrected,3,  25.000000, 272.004307,   6.120542, 263.728051, 267.792874, 270.887479, 274.966792, 282.897899
"(8, 9]",DO - Temp Corrected,3,  23.000000, 275.078043,   7.554853, 264.292557, 269.505832, 273.816984, 280.921730, 289.174473
"(9, 10]",DO - Temp Corrected,3,  21.000000, 279.350592,   7.983846, 265.648438, 273.964288, 276.462422, 287.450794, 293.519029
"(10, 11]",DO - Temp Corrected,3,  21.000000, 277.956982,   8.010188, 266.418473, 273.890103, 276.926520, 282.193258, 294.469294
"(11, 12]",DO - Temp Corrected,3,  23.000000, 282.863141,   7.917393, 270.845092, 276.942069, 283.359154, 287.667683, 298.372012
"(12, 13]",DO - Temp Corrected,3,  24.000000, 285.682191,   7.691308, 275.117428, 279.680639, 283.357335, 292.732912, 299.284999
"(13, 14]",DO - Temp Corrected,3,  22.000000, 290.734911,   6.999591, 279.721096, 285.764381, 289.674140, 295.018142, 303.876503
"(14, 15]",DO - Temp Corrected,3,  19.000000, 293.916490,   6.480705, 285.150747, 288.442193, 292.809433, 298.463671, 307.030095
"(15, 16]",DO - Temp Corrected,3,  22.000000, 297.271225,   6.237466, 286.230110, 294.066209, 297.315754, 301.610667, 308.721045
"(16, 17]",DO - Temp Corrected,3,  25.000000, 303.470029,   5.961446, 292.053216, 299.549992, 302.570670, 307.872494, 315.679012
"(17, 18]",DO - Temp Corrected,3,  26.000000, 306.005090,   8.647515, 287.311334, 299.153356, 306.926049, 310.172340, 321.299428
"(18, 19]",DO - Temp Corrected,3,  18.000000, 307.100561,   8.833664, 293.597523, 300.627661, 307.162455, 313.107238, 326.042169
"(19, 20]",DO - Temp Corrected,3,  19.000000, 308.703180,   9.216852, 290.906271, 303.925899, 310.200096, 313.132974, 332.250968
"(20, 21]",DO - Temp Corrected,3,  19.000000, 309.786232,   9.916319, 293.279251, 303.709159, 310.157334, 315.607519, 334.869389
"(21, 22]",DO - Temp Corrected,3,  17.000000, 314.909593,  16.542279, 296.726039, 304.466743, 309.316571, 317.809874, 357.985817
"(22, 23]",DO - Temp Corrected,3,  23.000000, 312.472787,  14.474375, 294.410250, 303.547572, 309.903569, 319.168660, 365.830794
"(23, 24]",DO - Temp Corrected,3,  21.000000, 312.493834,  17.419181, 288.493998, 303.091020, 310.811565, 321.416335, 369.227796
"(24, 25]",DO - Temp Corrected,3,  16.000000, 319.060797,  17.958192, 297.880241, 310.244971, 317.130471, 322.381415, 370.372593
"(25, 26]",DO - Temp Corrected,3,  19.000000, 307.795049,  14.550278, 287.656989, 296.041680, 300.872430, 318.212301, 339.366967
"(26, 27]",DO - Temp Corrected,3,  17.000000, 314.015143,  19.755795, 290.817452, 297.008434, 312.210486, 316.925135, 369.143144
"(27, 28]",DO - Temp Corrected,3,  19.000000, 310.119153,  16.323307, 286.794019, 293.812239, 312.672957, 322.549621, 344.352626
"(28, 29]",DO - Temp Corrected,3,  22.000000, 308.515850,  21.023223, 284.193701, 290.025425, 308.905815, 316.395716, 370.019631
"(29, 30]",DO - Temp Corrected,3,  16.000000, 310.909973,  21.475898, 282.427730, 298.947855, 307.546728, 318.484123, 366.277142
"(30, 31]",DO - Temp Corrected,3,  18.000000, 303.606878,  18.290415, 282.639534, 289.782788, 302.105054, 308.278481, 345.449428
"(31, 32]",DO - Temp Corrected,3,  19.000000, 301.236284,  21.932891, 267.330872, 285.713843, 301.319675, 306.794573, 356.910399
"(32, 33]",DO - Temp Corrected,3,  14.000000, 303.711315,  23.200340, 270.535524, 288.373080, 297.863558, 311.760870, 347.152406
"(33, 34]",DO - Temp Corrected,3,  19.000000, 292.775826,  16.747053, 272.568666, 278.411105, 289.654030, 307.061857, 331.234840
"(34, 35]",DO - Temp Corrected,3,  15.000000, 298.038469,  18.932171, 270.597094, 287.716285, 294.831796, 306.216609, 336.195362
"(35, 36]",DO - Temp Corrected,3,  20.000000, 291.465291,  23.114478, 254.885398, 271.299156, 287.099654, 310.430085, 330.529176
"(36, 37]",DO - Temp Corrected,3,  18.000000, 286.101152,  14.888011, 263.597820, 273.601145, 288.170046, 299.493250, 308.495876
"(37, 38]",DO - Temp Corrected,3,  14.000000, 283.216499,  18.198275, 258.840468, 265.374945, 289.626825, 292.363689, 320.516050
"(38, 39]",DO - Temp Corrected,3,  15.000000, 274.411255,  10.918290, 260.144031, 265.012853, 271.143518, 282.507619, 295.813380
"(39, 40]",DO - Temp Corrected,3,  13.000000, 273.760516,  15.145613, 253.824194, 261.714919, 278.820982, 284.714182, 295.093370
"(40, 41]",DO - Temp Corrected,3,  18.000000, 269.572182,  13.402573, 245.931609, 260.988586, 270.793490, 277.645982, 291.337629
"(41, 42]",DO - Temp Corrected,3,  12.000000, 266.335185,  13.752462, 244.668120, 257.304277, 266.498260, 276.836192, 288.138407
"(42, 43]",DO - Temp Corrected,3,  17.000000, 265.834348,  14.889416, 237.546507, 258.882205, 263.450558, 271.971333, 299.244410
"(43, 44]",DO - Temp Corrected,3,  12.000000, 259.650766,  15.065761, 229.387996, 252.623989, 258.522902, 268.455886, 282.578003
"(44, 45]",DO - Temp Corrected,3,  18.000000, 255.245109,  15.082620, 221.456135, 250.790257, 255.554168, 263.569793, 280.797226
"(45, 46]",DO - Temp Corrected,3,  10.000000, 253.597065,  15.837071, 223.560998, 243.644484, 254.805508, 261.575624, 277.717430
"(46, 47]",DO - Temp Corrected,3,  15.000000, 254.671204,   9.539599, 240.391978, 248.651945, 250.929150, 259.011871, 275.720595
"(47, 48]",DO - Temp Corrected,3,   9.000000, 247.784747,  15.037262, 215.818007, 243.937646, 249.086263, 255.837147, 269.907981
"(48, 49]",DO - Temp Corrected,3,  14.000000, 246.944249,  14.110791, 211.625611, 243.974226, 245.610908, 252.078533, 271.005143
"(49, 50]",DO - Temp Corrected,3,  15.000000, 243.855418,  17.538733, 206.765623, 235.749010, 248.122831, 252.124801, 266.635038
"(50, 51]",DO - Temp Corrected,3,  13.000000, 237.949212,  17.774423, 201.850529, 234.367235, 241.199261, 249.750353, 264.961944
"(51, 52]",DO - Temp Corrected,3,  14.000000, 244.780829,   9.181335, 229.889585, 241.095296, 243.394751, 248.850021, 262.636620
"(52, 53]",DO - Temp Corrected,3,  13.000000, 230.469298,  22.939066, 192.477469, 206.573022, 238.898518, 244.101124, 260.410052
"(53, 54]",DO - Temp Corrected,3,  16.000000, 238.181566,  13.889473, 197.664944, 234.873370, 236.966777, 246.623027, 259.957791
"(54, 55]",DO - Temp Corrected,3,  12.000000, 237.500342,  15.255700, 195.245578, 235.433620, 236.488681, 244.475504, 257.935051
"(55, 56]",DO - Temp Corrected,3,  15.000000, 234.799504,  14.506514, 192.220933, 232.058239, 234.325502, 240.211167, 257.623097
"(56, 57]",DO - Temp Corrected,3,  18.000000, 214.534092,  26.390713, 180.300869, 187.013591, 230.535600, 235.766498, 254.338667
"(57, 58]",DO - Temp Corrected,3,  11.000000, 237.296672,   8.333063, 226.739612, 231.548423, 234.716207, 242.194171, 252.314435
"(58, 59]",DO - Temp Corrected,3,  12.000000, 221.669336,  22.631249, 183.350312, 217.231856, 230.914902, 233.605452, 250.583552
"(59, 60]",DO - Temp Corrected,3,  11.000000, 229.066528,  15.724367, 187.304901, 227.098136, 229.579327, 238.730202, 245.984189
"(60, 61]",DO - Temp Corrected,3,  15.000000, 220.993858,  20.519007, 179.648240, 223.942244, 229.967021, 232.438331, 240.615221
"(61, 62]",DO - Temp Corrected,3,  10.000000, 227.369715,  15.102484, 187.145103, 226.245251, 230.095365, 235.348224, 241.282092
"(62, 63]",DO - Temp Corrected,3,  14.000000, 221.217999,  16.072504, 183.137565, 222.237234, 226.481786, 229.852195, 236.018214
"(63, 64]",DO - Temp Corrected,3,   9.000000, 227.451309,   2.787721, 223.353282, 225.239890, 227.608417, 229.082297, 231.339870
"(64, 65]",DO - Temp Corrected,3,  12.000000, 212.308592,  22.438980, 179.365944, 186.014318, 222.219898, 229.422298, 235.700507
"(65, 66]",DO - Temp Corrected,3,  14.000000, 225.654000,   4.589960, 218.958882, 222.707811, 225.547031, 227.614270, 236.760521
"(66, 67]",DO - Temp Corrected,3,   9.000000, 215.046711,  17.660059, 182.574458, 216.376033, 222.211269, 226.190460, 229.203119
"(67, 68]",DO - Temp Corrected,3,  11.000000, 225.590470,   5.969010, 217.448646, 221.028207, 225.031099, 228.723504, 235.383639
"(68, 69]",DO - Temp Corrected,3,  12.000000, 216.498779,  15.542244, 181.167082, 217.520546, 222.128328, 224.321210, 228.912362
"(69, 70]",DO - Temp Corrected,3,  10.000000, 206.675248,  21.494306, 181.820294, 182.082091, 218.158637, 224.540238, 229.133192
"(70, 71]",DO - Temp Corrected,3,  17.000000, 218.668853,  13.829762, 181.821113, 217.020805, 221.872712, 225.141290, 234.370336
"(71, 72]",DO - Temp Corrected,3,  10.000000, 219.059143,  13.763972, 181.731908, 218.627344, 222.741019, 226.244106, 228.472508
"(72, 73]",DO - Temp Corrected,3,  16.000000, 217.298760,  13.427562, 183.108886, 216.145037, 220.600179, 222.979325, 233.629645
"(73, 74]",DO - Temp Corrected,3,  17.000000, 215.251171,  13.473483, 180.810504, 216.144742, 216.299180, 223.593046, 227.688201
"(74, 75]",DO - Temp Corrected,3,  80.000000, 222.228519,   5.847875, 187.069941, 218.721993, 223.540917, 225.693074, 228.885362
"(75, 76]",DO - Temp Corrected,3,  78.000000, 218.422744,  11.498745, 180.743515, 218.113918, 221.032742, 224.449113, 233.240840
"(76, 77]",DO - Temp Corrected,3,  23.000000, 230.379185,  11.806330, 183.751659, 227.930638, 232.804027, 233.099096, 244.274673
"(77, 78]",DO - Temp Corrected,3,   4.000000, 182.475707,   1.708310, 180.687243, 181.185572, 182.561482, 183.851617, 184.092623
"(78, 79]",DO - Temp Corrected,3,   0.000000,,,,,,,
"(79, 80]",DO - Temp Corrected,3,   7.000000, 183.244434,   3.226501, 177.295505, 181.833955, 184.653494, 185.646489, 185.801154
"(80, 81]",DO - Temp Corrected,3,  46.000000, 181.579901,   3.712142, 176.650828, 177.315442, 181.259116, 183.269053, 187.868000
"(0, 1]",Dissolved Oxygen Saturation,3,   1.000000, 100.362000,, 100.362000, 100.362000, 100.362000, 100.362000, 100.362000
"(1, 2]",Dissolved Oxygen Saturation,3,  30.000000, 100.188533,   0.771044,  98.452003,  99.920248, 100.170498, 100.595749, 101.742996
"(2, 3]",Dissolved Oxygen Saturation,3,  21.000000, 100.383810,   0.915481,  98.713997, 100.064003, 100.327003, 101.000000, 101.869003
"(3, 4]",Dissolved Oxygen Saturation,3,  22.000000, 100.741909,   1.102222,  99.114998, 100.184248, 100.475502, 101.472250, 102.693001
"(4, 5]",Dissolved Oxygen Saturation,3,  19.000000, 101.035999,   1.224904,  99.523003, 100.371498, 100.654999, 101.885998, 103.657997
"(5, 6]",Dissolved Oxygen Saturation,3,  21.000000, 101.411905,   1.132580, 100.014000, 100.490997, 100.987999, 102.132004, 103.650002
"(6, 7]",Dissolved Oxygen Saturation,3,  21.000000, 101.699429,   1.169975, 100.142998, 100.927002, 101.276001, 101.970001, 104.442001
"(7, 8]",Dissolved Oxygen Saturation,3,  25.000000, 102.335681,   1.366929, 100.569000, 101.242996, 101.953003, 103.721001, 105.316002
"(8, 9]",Dissolved Oxygen Saturation,3,  23.000000, 103.241522,   1.647352, 100.751999, 102.042999, 102.911003, 104.697998, 106.501999
"(9, 10]",Dissolved Oxygen Saturation,3,  21.000000, 104.289524,   1.514103, 101.209000, 103.529999, 104.516998, 105.362000, 106.730003
"(10, 11]",Dissolved Oxygen Saturation,3,  21.000000, 104.226525,   1.726083, 101.685997, 102.606003, 104.327003, 105.771004, 107.189003
"(11, 12]",Dissolved Oxygen Saturation,3,  23.000000, 105.265781,   1.502550, 102.773003, 103.764500, 105.436996, 106.483498, 107.419998
"(12, 13]",Dissolved Oxygen Saturation,3,  24.000000, 105.707750,   1.494427, 102.403000, 104.621248, 105.570999, 106.838751, 108.594002
"(13, 14]",Dissolved Oxygen Saturation,3,  22.000000, 106.348500,   1.402991, 103.320000, 105.542002, 106.645000, 107.515001, 108.250000
"(14, 15]",Dissolved Oxygen Saturation,3,  18.000000, 107.360778,   1.383271, 104.719002, 106.505749, 107.661499, 108.488998, 109.044998
"(15, 16]",Dissolved Oxygen Saturation,3,  19.000000, 106.584947,   2.244619, 103.501999, 104.776501, 106.206001, 108.782497, 109.694000
"(16, 17]",Dissolved Oxygen Saturation,3,  16.000000, 106.537375,   2.561448, 102.308998, 105.083502, 106.104500, 108.988998, 109.880997
"(17, 18]",Dissolved Oxygen Saturation,3,  15.000000, 105.010734,   2.690763, 100.643997, 103.317501, 104.678001, 106.306499, 109.649002
"(18, 19]",Dissolved Oxygen Saturation,3,  10.000000, 104.611900,   2.311167, 101.339996, 103.213499, 104.302002, 105.225748, 109.068001
"(19, 20]",Dissolved Oxygen Saturation,3,  10.000000, 103.434201,   2.975975,  99.759003, 101.489000, 102.532001, 105.849249, 108.834000
"(20, 21]",Dissolved Oxygen Saturation,3,  11.000000, 102.181455,   2.543479,  96.783997, 100.702499, 103.028999, 103.990501, 105.244003
"(21, 22]",Dissolved Oxygen Saturation,3,   9.000000, 101.883112,   3.161592,  98.730003,  99.261002, 101.081001, 103.112000, 108.349998
"(22, 23]",Dissolved Oxygen Saturation,3,  17.000000, 103.642294,   4.756707,  95.361000,  99.464996, 102.331001, 107.988998, 109.744003
"(23, 24]",Dissolved Oxygen Saturation,3,  18.000000, 102.574390,   5.200977,  93.483002,  97.991001, 102.148998, 108.092253, 109.602997
"(24, 25]",Dissolved Oxygen Saturation,3,  14.000000, 103.859643,   4.687176,  96.415001, 100.420500, 104.396000, 108.152748, 109.149002
"(25, 26]",Dissolved Oxygen Saturation,3,  18.000000,  99.515223,   5.552332,  91.207001,  94.870998,  98.480499, 104.985250, 108.107002
"(26, 27]",Dissolved Oxygen Saturation,3,  15.000000,  99.137399,   5.972532,  88.922997,  94.431503, 101.101997, 104.201000, 106.408997
"(27, 28]",Dissolved Oxygen Saturation,3,  18.000000,  99.373167,   5.922879,  89.014999,  95.100752, 100.478001, 104.545252, 106.461998
"(28, 29]",Dissolved Oxygen Saturation,3,  21.000000,  95.722761,   6.715164,  84.044998,  89.765999,  95.598000, 101.278999, 104.903000
"(29, 30]",Dissolved Oxygen Saturation,3,  16.000000,  97.527062,   5.166795,  89.330002,  95.439253,  97.688499, 100.444000, 106.473999
"(30, 31]",Dissolved Oxygen Saturation,3,  18.000000,  92.352223,   5.623408,  84.447998,  87.612747,  92.483002,  96.241753, 102.036003
"(31, 32]",Dissolved Oxygen Saturation,3,  19.000000,  92.270473,   6.324378,  81.184998,  86.818001,  93.695999,  96.902500, 101.314003
"(32, 33]",Dissolved Oxygen Saturation,3,  14.000000,  90.973073,   5.937541,  81.967003,  85.721001,  91.289501,  96.569252,  98.828003
"(33, 34]",Dissolved Oxygen Saturation,3,  19.000000,  88.175369,   5.348273,  79.705002,  84.224003,  86.528999,  92.657501,  96.613998
"(34, 35]",Dissolved Oxygen Saturation,3,  15.000000,  89.089133,   4.646579,  83.043999,  84.773998,  88.094002,  93.657001,  95.619003
"(35, 36]",Dissolved Oxygen Saturation,3,  20.000000,  85.974451,   5.914560,  76.267998,  81.420752,  87.181000,  91.364750,  93.586998
"(36, 37]",Dissolved Oxygen Saturation,3,  18.000000,  84.560778,   4.054736,  78.469002,  81.485752,  85.072002,  87.044001,  91.691002
"(37, 38]",Dissolved Oxygen Saturation,3,  14.000000,  83.254143,   5.184819,  76.509003,  78.352749,  83.547997,  86.181000,  91.202003
"(38, 39]",Dissolved Oxygen Saturation,3,  15.000000,  80.441201,   3.880549,  74.910004,  77.703503,  80.690002,  82.623501,  88.537003
"(39, 40]",Dissolved Oxygen Saturation,3,  13.000000,  80.683694,   4.666459,  74.232002,  76.706001,  81.103996,  84.244003,  88.056000
"(40, 41]",Dissolved Oxygen Saturation,3,  18.000000,  79.365167,   4.194665,  71.723000,  76.323250,  79.751999,  82.893251,  86.023003
"(41, 42]",Dissolved Oxygen Saturation,3,  12.000000,  78.925416,   4.678102,  70.213997,  76.167002,  79.532501,  81.983250,  85.860001
"(42, 43]",Dissolved Oxygen Saturation,3,  17.000000,  78.107766,   4.062082,  68.803001,  75.829002,  78.288002,  79.400002,  85.483002
"(43, 44]",Dissolved Oxygen Saturation,3,  12.000000,  76.691334,   4.971652,  66.667999,  74.211502,  77.434502,  80.662750,  83.424004
"(44, 45]",Dissolved Oxygen Saturation,3,  18.000000,  75.736666,   4.642115,  64.477997,  74.473997,  76.467499,  78.030247,  82.500999
"(45, 46]",Dissolved Oxygen Saturation,3,  10.000000,  74.839200,   5.327758,  64.612000,  71.120750,  75.410500,  78.520500,  81.364998
"(46, 47]",Dissolved Oxygen Saturation,3,  15.000000,  75.940600,   2.342330,  72.905998,  74.202000,  75.658997,  76.891502,  80.477997
"(47, 48]",Dissolved Oxygen Saturation,3,   9.000000,  73.518555,   4.969363,  63.062000,  72.735001,  74.438004,  77.053001,  79.458000
"(48, 49]",Dissolved Oxygen Saturation,3,  14.000000,  73.751501,   4.340183,  61.983002,  72.540001,  74.250500,  76.253002,  79.277000
"(49, 50]",Dissolved Oxygen Saturation,3,  15.000000,  72.177200,   5.486162,  60.514999,  69.564999,  73.436996,  75.679996,  78.441002
"(50, 51]",Dissolved Oxygen Saturation,3,  13.000000,  71.256307,   5.859050,  59.493999,  68.945000,  73.198997,  76.061996,  77.954002
"(51, 52]",Dissolved Oxygen Saturation,3,  14.000000,  73.189358,   2.908330,  67.055000,  71.443499,  73.198002,  75.398750,  77.653000
"(52, 53]",Dissolved Oxygen Saturation,3,  13.000000,  68.598307,   7.245373,  56.532001,  60.730999,  71.872002,  73.028999,  77.129997
"(53, 54]",Dissolved Oxygen Saturation,3,  16.000000,  71.420001,   4.438206,  58.255001,  70.271002,  71.380001,  74.339001,  76.911003
"(54, 55]",Dissolved Oxygen Saturation,3,  12.000000,  71.181084,   4.809572,  57.577999,  70.421751,  71.265499,  73.995750,  76.832001
"(55, 56]",Dissolved Oxygen Saturation,3,  15.000000,  70.425133,   4.559162,  56.764000,  69.784000,  70.224998,  72.903999,  76.553001
"(56, 57]",Dissolved Oxygen Saturation,3,  18.000000,  64.038777,   8.561539,  53.175999,  55.266249,  69.306000,  71.136999,  75.935997
"(57, 58]",Dissolved Oxygen Saturation,3,  11.000000,  71.597273,   2.200972,  68.999001,  69.794502,  71.084999,  73.024002,  75.603996
"(58, 59]",Dissolved Oxygen Saturation,3,  12.000000,  66.377083,   7.116550,  54.130001,  65.550748,  69.162998,  69.886999,  74.306999
"(59, 60]",Dissolved Oxygen Saturation,3,  11.000000,  68.885636,   5.028467,  55.463001,  68.543499,  69.397003,  72.563499,  72.934998
"(60, 61]",Dissolved Oxygen Saturation,3,  15.000000,  66.490067,   6.595570,  53.014999,  67.911499,  69.438004,  70.238499,  71.282997
"(61, 62]",Dissolved Oxygen Saturation,3,  10.000000,  68.515800,   4.851776,  55.452999,  68.455252,  69.418003,  71.070248,  72.843002
"(62, 63]",Dissolved Oxygen Saturation,3,  14.000000,  66.659500,   5.207442,  54.430000,  67.360752,  68.088501,  69.268497,  72.276001
"(63, 64]",Dissolved Oxygen Saturation,3,   9.000000,  68.909891,   0.851973,  68.067001,  68.292000,  68.487000,  69.745003,  70.257004
"(64, 65]",Dissolved Oxygen Saturation,3,  12.000000,  63.785666,   7.352134,  52.948002,  55.204500,  66.823498,  69.447001,  72.222000
"(65, 66]",Dissolved Oxygen Saturation,3,  14.000000,  68.480428,   1.460547,  66.530998,  67.434752,  68.317501,  69.243002,  71.970001
"(66, 67]",Dissolved Oxygen Saturation,3,   9.000000,  64.650666,   5.730787,  54.131001,  65.445999,  66.365997,  68.488998,  69.547997
"(67, 68]",Dissolved Oxygen Saturation,3,  11.000000,  68.411092,   2.000036,  65.625999,  67.033001,  68.225998,  69.458000,  71.984001
"(68, 69]",Dissolved Oxygen Saturation,3,  12.000000,  65.384416,   5.149598,  53.910000,  65.186749,  67.477001,  68.222752,  69.491997
"(69, 70]",Dissolved Oxygen Saturation,3,  10.000000,  62.263599,   7.011345,  54.238998,  54.270000,  65.679501,  68.169001,  69.668999
"(70, 71]",Dissolved Oxygen Saturation,3,  17.000000,  66.208293,   4.586496,  54.256001,  65.795998,  67.403000,  68.912003,  71.739998
"(71, 72]",Dissolved Oxygen Saturation,3,  10.000000,  66.275000,   4.506725,  54.230000,  66.323750,  67.404499,  68.639498,  69.591003
"(72, 73]",Dissolved Oxygen Saturation,3,  16.000000,  65.772563,   4.508407,  54.376999,  65.450748,  66.755001,  67.834000,  71.529999
"(73, 74]",Dissolved Oxygen Saturation,3,  17.000000,  64.726235,   4.402107,  53.820999,  64.574997,  64.637001,  67.837997,  69.269997
"(74, 75]",Dissolved Oxygen Saturation,3,  80.000000,  67.379162,   1.814351,  56.087002,  66.254248,  67.801498,  68.449749,  69.792999
"(75, 76]",Dissolved Oxygen Saturation,3,  78.000000,  66.401833,   3.786694,  53.803001,  66.524752,  67.299500,  68.364998,  71.420998
"(76, 77]",Dissolved Oxygen Saturation,3,  23.000000,  70.481087,   3.869833,  54.981998,  69.728500,  71.324997,  71.381500,  74.832001
"(77, 78]",Dissolved Oxygen Saturation,3,   4.000000,  54.387249,   0.548944,  53.773998,  54.012499,  54.407499,  54.782249,  54.959999
"(78, 79]",Dissolved Oxygen Saturation,3,   0.000000,,,,,,,
"(79, 80]",Dissolved Oxygen Saturation,3,   7.000000,  54.534143,   1.003199,  52.578999,  54.323000,  54.936001,  55.177500,  55.223000
"(80, 81]",Dissolved Oxygen Saturation,3,  46.000000,  54.069870,   1.181338,  52.493999,  52.585750,  54.050499,  54.957001,  55.874001
"(0, 1]",Optode Temperature,3,   1.000000,  24.334999,,  24.334999,  24.334999,  24.334999,  24.334999,  24.334999
"(1, 2]",Optode Temperature,3,  30.000000,  23.805100,   0.572086,  22.938999,  23.301250,  23.770500,  24.364500,  24.635000
"(2, 3]",Optode Temperature,3,  21.000000,  23.602429,   0.587953,  22.833000,  23.127001,  23.417999,  24.114000,  24.635000
"(3, 4]",Optode Temperature,3,  22.000000,  23.516591,   0.620596,  22.705999,  23.025500,  23.330500,  24.045250,  24.634001
"(4, 5]",Optode Temperature,3,  19.000000,  23.501105,   0.562290,  22.667999,  23.156000,  23.382999,  23.956000,  24.410999
"(5, 6]",Optode Temperature,3,  21.000000,  23.551762,   0.616255,  22.489000,  23.122999,  23.427999,  24.128000,  24.355000
"(6, 7]",Optode Temperature,3,  21.000000,  23.550762,   0.638728,  22.514999,  23.045000,  23.652000,  24.115000,  24.650000
"(7, 8]",Optode Temperature,3,  25.000000,  23.395440,   0.682567,  22.194000,  22.816000,  23.329000,  24.106001,  24.221001
"(8, 9]",Optode Temperature,3,  23.000000,  23.279087,   0.822182,  21.987000,  22.581000,  23.259001,  24.098000,  24.386999
"(9, 10]",Optode Temperature,3,  21.000000,  23.023476,   1.012915,  21.681999,  22.163000,  22.906000,  24.198000,  24.421000
"(10, 11]",Optode Temperature,3,  21.000000,  23.247666,   0.852744,  21.756001,  22.577999,  23.209999,  23.983999,  24.284000
"(11, 12]",Optode Temperature,3,  23.000000,  22.861739,   1.077016,  20.587000,  22.110001,  23.035000,  23.835500,  24.066000
"(12, 13]",Optode Temperature,3,  24.000000,  22.510833,   1.176047,  20.587999,  21.441499,  22.493999,  23.683500,  23.870001
"(13, 14]",Optode Temperature,3,  22.000000,  21.958909,   1.369518,  19.552999,  20.938250,  22.148500,  23.077000,  23.620001
"(14, 15]",Optode Temperature,3,  19.000000,  21.891631,   1.290153,  19.812000,  20.577000,  22.489000,  22.970500,  23.365000
"(15, 16]",Optode Temperature,3,  22.000000,  21.164091,   1.221346,  18.825001,  20.407750,  21.402000,  22.143250,  22.927999
"(16, 17]",Optode Temperature,3,  25.000000,  20.598480,   1.443879,  17.617001,  19.188000,  21.089001,  21.608000,  22.871000
"(17, 18]",Optode Temperature,3,  26.000000,  20.037577,   1.308926,  16.868000,  19.402500,  20.508500,  20.819250,  22.021000
"(18, 19]",Optode Temperature,3,  18.000000,  19.695555,   1.343124,  16.891001,  19.154749,  20.207500,  20.457001,  21.521000
"(19, 20]",Optode Temperature,3,  19.000000,  19.326632,   1.172973,  17.013000,  18.545501,  19.448000,  20.293500,  20.799999
"(20, 21]",Optode Temperature,3,  19.000000,  18.534474,   1.559760,  15.111000,  17.689000,  18.881001,  19.901000,  20.204000
"(21, 22]",Optode Temperature,3,  17.000000,  17.890529,   1.634532,  15.382000,  16.750999,  17.371000,  19.306999,  19.978001
"(22, 23]",Optode Temperature,3,  23.000000,  17.872000,   1.584602,  14.541000,  16.797000,  18.283001,  19.227500,  19.754999
"(23, 24]",Optode Temperature,3,  21.000000,  16.996952,   1.696240,  13.967000,  15.629000,  17.341999,  18.393000,  19.527000
"(24, 25]",Optode Temperature,3,  16.000000,  16.385250,   1.344665,  14.157000,  15.385250,  16.284000,  17.732999,  18.354000
"(25, 26]",Optode Temperature,3,  19.000000,  15.842474,   1.676342,  12.953000,  14.554500,  15.815000,  16.941000,  18.726000
"(26, 27]",Optode Temperature,3,  17.000000,  15.089117,   1.422944,  12.574000,  14.175000,  15.245000,  15.992000,  17.862000
"(27, 28]",Optode Temperature,3,  19.000000,  15.343842,   1.375821,  12.850000,  14.157000,  15.599000,  16.588500,  17.066999
"(28, 29]",Optode Temperature,3,  22.000000,  14.035409,   1.622547,  11.662000,  12.538250,  14.250500,  15.497500,  16.152000
"(29, 30]",Optode Temperature,3,  16.000000,  14.289125,   1.377425,  11.347000,  13.877000,  14.482000,  14.911250,  16.250999
"(30, 31]",Optode Temperature,3,  18.000000,  12.905333,   1.222976,  10.748000,  11.851750,  12.873000,  14.014500,  14.878000
"(31, 32]",Optode Temperature,3,  19.000000,  13.096632,   1.639084,  10.172000,  12.091000,  13.480000,  14.001500,  16.676001
"(32, 33]",Optode Temperature,3,  14.000000,  12.186429,   1.469900,   9.936000,  10.801000,  12.287000,  13.549750,  14.210000
"(33, 34]",Optode Temperature,3,  19.000000,  12.425526,   1.217905,  10.243000,  11.377500,  12.612000,  13.546500,  14.317000
"(34, 35]",Optode Temperature,3,  15.000000,  12.201267,   1.427039,   9.711000,  10.903500,  12.535000,  13.297500,  14.483000
"(35, 36]",Optode Temperature,3,  20.000000,  11.470300,   1.373289,   9.675000,  10.683000,  10.990000,  12.055000,  14.123000
"(36, 37]",Optode Temperature,3,  18.000000,  11.629111,   1.032103,  10.474000,  10.769750,  11.069000,  12.194250,  13.950000
"(37, 38]",Optode Temperature,3,  14.000000,  11.508714,   1.301979,   9.740000,  10.661250,  11.123000,  11.830000,  14.153000
"(38, 39]",Optode Temperature,3,  15.000000,  11.127933,   0.728109,  10.342000,  10.640000,  10.938000,  11.257000,  13.150000
"(39, 40]",Optode Temperature,3,  13.000000,  11.530538,   1.002033,  10.530000,  10.625000,  11.324000,  12.084000,  13.887000
"(40, 41]",Optode Temperature,3,  18.000000,  11.433722,   0.977092,  10.569000,  10.718750,  11.197000,  11.895000,  14.183000
"(41, 42]",Optode Temperature,3,  12.000000,  11.543750,   1.027330,  10.455000,  10.750500,  11.407500,  11.967750,  13.682000
"(42, 43]",Optode Temperature,3,  17.000000,  11.350235,   0.700662,  10.306000,  10.822000,  11.198000,  11.920000,  12.539000
"(43, 44]",Optode Temperature,3,  12.000000,  11.411667,   0.573217,  10.566000,  11.009000,  11.250000,  11.837750,  12.329000
"(44, 45]",Optode Temperature,3,  18.000000,  11.737889,   0.800550,  10.636000,  11.180500,  11.622000,  12.050250,  13.499000
"(45, 46]",Optode Temperature,3,  10.000000,  11.545600,   0.626268,  10.804000,  11.151750,  11.253500,  12.013250,  12.526000
"(46, 47]",Optode Temperature,3,  15.000000,  11.937933,   0.679004,  10.812000,  11.477000,  11.778000,  12.354500,  13.168000
"(47, 48]",Optode Temperature,3,   9.000000,  11.753444,   0.576140,  10.950000,  11.309000,  11.603000,  12.163000,  12.707000
"(48, 49]",Optode Temperature,3,  14.000000,  11.992429,   0.657604,  11.177000,  11.399250,  11.846000,  12.438750,  13.120000
"(49, 50]",Optode Temperature,3,  15.000000,  11.716600,   0.391628,  11.137000,  11.420000,  11.723000,  11.972500,  12.390000
"(50, 51]",Optode Temperature,3,  13.000000,  12.088308,   0.653490,  11.272000,  11.572000,  11.779000,  12.641000,  13.019000
"(51, 52]",Optode Temperature,3,  14.000000,  12.085857,   0.535124,  11.203000,  11.682250,  12.067500,  12.445750,  12.992000
"(52, 53]",Optode Temperature,3,  13.000000,  11.948769,   0.419259,  11.450000,  11.625000,  11.869000,  12.311000,  12.669000
"(53, 54]",Optode Temperature,3,  16.000000,  12.248625,   0.505537,  11.261000,  11.885000,  12.209500,  12.591000,  12.984000
"(54, 55]",Optode Temperature,3,  12.000000,  12.261167,   0.446958,  11.562000,  12.014750,  12.169000,  12.644000,  12.952000
"(55, 56]",Optode Temperature,3,  15.000000,  12.290800,   0.444134,  11.600000,  12.018500,  12.211000,  12.611500,  12.975000
"(56, 57]",Optode Temperature,3,  18.000000,  12.079444,   0.543109,  11.478000,  11.647000,  11.895500,  12.483750,  12.969000
"(57, 58]",Optode Temperature,3,  11.000000,  12.578091,   0.372259,  11.813000,  12.337000,  12.631000,  12.892000,  12.976000
"(58, 59]",Optode Temperature,3,  12.000000,  12.263000,   0.433336,  11.728000,  11.900750,  12.221500,  12.570250,  12.947000
"(59, 60]",Optode Temperature,3,  11.000000,  12.447182,   0.473406,  11.815000,  12.009000,  12.500000,  12.882000,  13.102000
"(60, 61]",Optode Temperature,3,  15.000000,  12.492867,   0.434048,  11.773000,  12.157500,  12.712000,  12.834500,  12.954000
"(61, 62]",Optode Temperature,3,  10.000000,  12.569800,   0.425269,  11.889000,  12.266750,  12.674500,  12.904750,  13.031000
"(62, 63]",Optode Temperature,3,  14.000000,  12.557571,   0.365945,  11.975000,  12.246750,  12.644000,  12.847250,  12.972000
"(63, 64]",Optode Temperature,3,   9.000000,  12.950556,   0.135311,  12.711000,  12.865000,  12.975000,  13.045000,  13.133000
"(64, 65]",Optode Temperature,3,  12.000000,  12.410833,   0.446289,  11.826000,  12.032000,  12.455500,  12.778500,  12.955000
"(65, 66]",Optode Temperature,3,  14.000000,  12.920929,   0.236115,  12.239000,  12.887000,  12.945500,  13.023750,  13.204000
"(66, 67]",Optode Temperature,3,   9.000000,  12.520222,   0.422431,  12.021000,  12.063000,  12.778000,  12.844000,  12.976000
"(67, 68]",Optode Temperature,3,  11.000000,  12.909273,   0.316355,  12.044000,  12.884000,  12.933000,  13.015000,  13.287000
"(68, 69]",Optode Temperature,3,  12.000000,  12.666583,   0.424325,  12.026000,  12.219750,  12.859500,  12.945000,  13.198000
"(69, 70]",Optode Temperature,3,  10.000000,  12.581400,   0.476332,  11.979000,  12.198250,  12.542500,  13.008250,  13.205000
"(70, 71]",Optode Temperature,3,  17.000000,  12.827529,   0.400288,  12.089000,  12.837000,  12.934000,  13.035000,  13.329000
"(71, 72]",Optode Temperature,3,  10.000000,  12.768500,   0.388506,  12.197000,  12.416500,  12.901000,  13.038250,  13.232000
"(72, 73]",Optode Temperature,3,  16.000000,  12.808000,   0.430933,  11.984000,  12.686250,  12.955500,  13.043000,  13.339000
"(73, 74]",Optode Temperature,3,  17.000000,  12.496647,   0.369913,  12.087000,  12.250000,  12.262000,  12.899000,  13.098000
"(74, 75]",Optode Temperature,3,  80.000000,  12.903075,   0.241086,  12.229000,  12.874500,  12.937000,  13.033500,  13.323000
"(75, 76]",Optode Temperature,3,  78.000000,  13.010205,   0.271713,  12.048000,  12.943500,  13.054500,  13.188750,  13.351000
"(76, 77]",Optode Temperature,3,  23.000000,  13.294652,   0.215833,  12.316000,  13.307500,  13.348000,  13.364500,  13.401000
"(77, 78]",Optode Temperature,3,   4.000000,  12.082750,   0.066214,  12.027000,  12.043500,  12.063500,  12.102750,  12.177000
"(78, 79]",Optode Temperature,3,   0.000000,,,,,,,
"(79, 80]",Optode Temperature,3,   7.000000,  12.037857,   0.023032,  12.021000,  12.022000,  12.025000,  12.049000,  12.077000
"(80, 81]",Optode Temperature,3,  46.000000,  12.095870,   0.146672,  11.904000,  12.022250,  12.053500,  12.152250,  12.442000
