,parameter,deployments,count,mean,std,min,25%,50%,75%,max
0,density,"1, 2, 3, 4, 5, 6, 7, 8, 9",   0.000000,,,,,,,
1,density,"1, 2, 3, 4, 5, 6, 7, 8, 9",75740.000000,1024.750826,   0.278576,1023.518047,1024.616505,1024.818054,1024.946570,1025.447674
2,density,"1, 2, 3, 4, 5, 6, 7, 8, 9",810857.000000,1025.015664,   0.314737,1023.573869,1024.797531,1025.023810,1025.244377,1026.040862
3,density,"1, 2, 3, 4, 5, 6, 7, 8, 9",319622.000000,1025.217139,   0.304244,1023.865036,1025.000325,1025.239698,1025.421703,1026.217963
4,density,"1, 2, 3, 4, 5, 6, 7, 8, 9",282397.000000,1025.468686,   0.337596,1024.367476,1025.192156,1025.483780,1025.718576,1026.447180
5,density,"1, 2, 3, 4, 5, 6, 7, 8, 9",259906.000000,1025.696416,   0.359765,1024.597366,1025.424105,1025.742441,1025.973775,1026.560387
6,density,"1, 2, 3, 4, 5, 6, 7, 8, 9",248695.000000,1025.927448,   0.364920,1024.757518,1025.693501,1025.996441,1026.206565,1026.715861
7,density,"1, 2, 3, 4, 5, 6, 7, 8, 9",245872.000000,1026.143818,   0.344922,1024.910978,1025.962207,1026.216129,1026.396895,1026.827599
8,density,"1, 2, 3, 4, 5, 6, 7, 8, 9",244280.000000,1026.333702,   0.310469,1024.956786,1026.183225,1026.394138,1026.554051,1026.924322
9,density,"1, 2, 3, 4, 5, 6, 7, 8, 9",242792.000000,1026.497223,   0.273184,1025.031836,1026.365225,1026.547479,1026.689941,1027.027815
10,density,"1, 2, 3, 4, 5, 6, 7, 8, 9",242206.000000,1026.638051,   0.241854,1025.206642,1026.519630,1026.678818,1026.809065,1027.116461
11,density,"1, 2, 3, 4, 5, 6, 7, 8, 9",241726.000000,1026.759932,   0.218389,1025.315567,1026.649644,1026.796552,1026.915760,1027.201793
12,density,"1, 2, 3, 4, 5, 6, 7, 8, 9",241312.000000,1026.868917,   0.198842,1025.604121,1026.765895,1026.899831,1027.012882,1027.259511
13,density,"1, 2, 3, 4, 5, 6, 7, 8, 9",240932.000000,1026.967606,   0.184438,1025.873127,1026.870108,1026.996055,1027.102242,1027.334040
14,density,"1, 2, 3, 4, 5, 6, 7, 8, 9",240562.000000,1027.058299,   0.172497,1026.105903,1026.967122,1027.086541,1027.184574,1027.397941
15,density,"1, 2, 3, 4, 5, 6, 7, 8, 9",240842.000000,1027.143795,   0.161882,1026.295948,1027.058232,1027.172577,1027.263119,1027.459556
16,density,"1, 2, 3, 4, 5, 6, 7, 8, 9",241262.000000,1027.224315,   0.152390,1026.432557,1027.144163,1027.252087,1027.337143,1027.520207
17,density,"1, 2, 3, 4, 5, 6, 7, 8, 9",240097.000000,1027.301785,   0.143944,1026.496680,1027.226665,1027.329344,1027.408701,1027.572497
18,density,"1, 2, 3, 4, 5, 6, 7, 8, 9",239768.000000,1027.376109,   0.136399,1026.594240,1027.306101,1027.402456,1027.476541,1027.635463
19,density,"1, 2, 3, 4, 5, 6, 7, 8, 9",240901.000000,1027.448060,   0.129147,1026.681588,1027.381306,1027.473087,1027.542240,1027.694153
20,density,"1, 2, 3, 4, 5, 6, 7, 8, 9",238253.000000,1027.518859,   0.123012,1026.787537,1027.457820,1027.543053,1027.606906,1027.749572
21,density,"1, 2, 3, 4, 5, 6, 7, 8, 9",238053.000000,1027.587129,   0.116958,1026.853107,1027.529642,1027.609373,1027.669868,1027.820618
22,density,"1, 2, 3, 4, 5, 6, 7, 8, 9",238030.000000,1027.654361,   0.111330,1026.461739,1027.599900,1027.674410,1027.732797,1027.881009
23,density,"1, 2, 3, 4, 5, 6, 7, 8, 9",237725.000000,1027.720043,   0.106115,1027.026543,1027.668556,1027.737506,1027.794574,1027.935170
24,density,"1, 2, 3, 4, 5, 6, 7, 8, 9",237478.000000,1027.784442,   0.101360,1026.139231,1027.734922,1027.799644,1027.855693,1027.997727
25,density,"1, 2, 3, 4, 5, 6, 7, 8, 9",237019.000000,1027.848089,   0.096812,1027.202583,1027.799680,1027.860896,1027.917034,1028.083932
26,density,"1, 2, 3, 4, 5, 6, 7, 8, 9",236935.000000,1027.910919,   0.092828,1027.264790,1027.863486,1027.921892,1027.977342,1028.130290
27,density,"1, 2, 3, 4, 5, 6, 7, 8, 9",236891.000000,1027.973229,   0.088855,1027.244971,1027.926554,1027.982223,1028.037608,1028.170753
28,density,"1, 2, 3, 4, 5, 6, 7, 8, 9",236763.000000,1028.034750,   0.085485,1027.406281,1027.988695,1028.042101,1028.097377,1028.228385
29,density,"1, 2, 3, 4, 5, 6, 7, 8, 9",236502.000000,1028.095583,   0.082614,1027.380203,1028.050265,1028.101808,1028.156321,1028.288627
30,density,"1, 2, 3, 4, 5, 6, 7, 8, 9",235997.000000,1028.156032,   0.079953,1027.595114,1028.111912,1028.161417,1028.214973,1028.347549
31,density,"1, 2, 3, 4, 5, 6, 7, 8, 9",236011.000000,1028.215979,   0.077465,1027.108376,1028.172644,1028.220423,1028.273129,1028.399358
32,density,"1, 2, 3, 4, 5, 6, 7, 8, 9",235631.000000,1028.275550,   0.075325,1027.759188,1028.232737,1028.279234,1028.331454,1028.457470
33,density,"1, 2, 3, 4, 5, 6, 7, 8, 9",235694.000000,1028.334806,   0.073591,1027.838523,1028.292903,1028.337476,1028.389305,1028.511967
34,density,"1, 2, 3, 4, 5, 6, 7, 8, 9",235453.000000,1028.394136,   0.071971,1027.894742,1028.352862,1028.395988,1028.447323,1028.573834
35,density,"1, 2, 3, 4, 5, 6, 7, 8, 9",235218.000000,1028.452965,   0.070627,1027.950037,1028.411982,1028.454331,1028.504795,1028.637572
36,density,"1, 2, 3, 4, 5, 6, 7, 8, 9",234733.000000,1028.511970,   0.068864,1027.994658,1028.471870,1028.512832,1028.561910,1028.694216
37,density,"1, 2, 3, 4, 5, 6, 7, 8, 9",234918.000000,1028.570432,   0.067469,1028.067261,1028.530655,1028.570952,1028.618755,1028.756896
38,density,"1, 2, 3, 4, 5, 6, 7, 8, 9",234590.000000,1028.629111,   0.066210,1028.119755,1028.589797,1028.629522,1028.675921,1028.807249
39,density,"1, 2, 3, 4, 5, 6, 7, 8, 9",234428.000000,1028.687778,   0.064930,1028.174842,1028.648687,1028.687688,1028.733320,1028.864485
40,density,"1, 2, 3, 4, 5, 6, 7, 8, 9",233410.000000,1028.746756,   0.063828,1028.232186,1028.708157,1028.746429,1028.791260,1028.919004
41,density,"1, 2, 3, 4, 5, 6, 7, 8, 9",233228.000000,1028.805187,   0.063156,1028.277652,1028.766898,1028.804794,1028.848829,1028.988070
42,density,"1, 2, 3, 4, 5, 6, 7, 8, 9",233063.000000,1028.863802,   0.062557,1028.337397,1028.825504,1028.863592,1028.906491,1029.052852
43,density,"1, 2, 3, 4, 5, 6, 7, 8, 9",232754.000000,1028.922112,   0.062205,1028.409486,1028.883846,1028.922000,1028.964064,1029.101033
44,density,"1, 2, 3, 4, 5, 6, 7, 8, 9",232314.000000,1028.980159,   0.061592,1028.402470,1028.941950,1028.980039,1029.021578,1029.154965
45,density,"1, 2, 3, 4, 5, 6, 7, 8, 9",232380.000000,1029.037856,   0.061339,1028.515349,1028.999677,1029.037626,1029.079006,1029.212057
46,density,"1, 2, 3, 4, 5, 6, 7, 8, 9",233661.000000,1029.095436,   0.061170,1028.571311,1029.057317,1029.095134,1029.136375,1029.276172
47,density,"1, 2, 3, 4, 5, 6, 7, 8, 9",239418.000000,1029.153456,   0.062406,1028.640060,1029.114364,1029.153039,1029.194439,1029.327205
48,density,"1, 2, 3, 4, 5, 6, 7, 8, 9",247862.000000,1029.210025,   0.062400,1028.688202,1029.170130,1029.209876,1029.251544,1029.392991
49,density,"1, 2, 3, 4, 5, 6, 7, 8, 9",616518.000000,1029.274700,   0.061936,1028.763425,1029.234137,1029.276358,1029.318376,1029.434395
50,density,"1, 2, 3, 4, 5, 6, 7, 8, 9",405884.000000,1029.300402,   0.057956,1028.813389,1029.267304,1029.301026,1029.336227,1029.457211
51,density,"1, 2, 3, 4, 5, 6, 7, 8, 9", 825.000000,1029.299913,   0.011315,1029.268910,1029.302776,1029.304919,1029.305813,1029.310554
52,practical_salinity,"1, 2, 3, 4, 5, 6, 7, 8, 9",   0.000000,,,,,,,
53,practical_salinity,"1, 2, 3, 4, 5, 6, 7, 8, 9",71666.000000,  32.301751,   0.168197,  31.146157,  32.198359,  32.334416,  32.414259,  32.727538
54,practical_salinity,"1, 2, 3, 4, 5, 6, 7, 8, 9",769569.000000,  32.426906,   0.187017,  31.205032,  32.314172,  32.417067,  32.548071,  33.303457
55,practical_salinity,"1, 2, 3, 4, 5, 6, 7, 8, 9",300556.000000,  32.545691,   0.221901,  31.111045,  32.399695,  32.523046,  32.674921,  33.455331
56,practical_salinity,"1, 2, 3, 4, 5, 6, 7, 8, 9",269737.000000,  32.733104,   0.276145,  31.856683,  32.506940,  32.705845,  32.919386,  33.719632
57,practical_salinity,"1, 2, 3, 4, 5, 6, 7, 8, 9",247006.000000,  32.915104,   0.322232,  32.012711,  32.668520,  32.905636,  33.165700,  33.775818
58,practical_salinity,"1, 2, 3, 4, 5, 6, 7, 8, 9",236008.000000,  33.106198,   0.339515,  32.108465,  32.869195,  33.126937,  33.388258,  33.840330
59,practical_salinity,"1, 2, 3, 4, 5, 6, 7, 8, 9",233180.000000,  33.277765,   0.324423,  32.306742,  33.073048,  33.317191,  33.543235,  33.903709
60,practical_salinity,"1, 2, 3, 4, 5, 6, 7, 8, 9",231928.000000,  33.419885,   0.290895,  31.871968,  33.244154,  33.463323,  33.656024,  33.923299
61,practical_salinity,"1, 2, 3, 4, 5, 6, 7, 8, 9",230047.000000,  33.533229,   0.251490,  32.355795,  33.378501,  33.574599,  33.738678,  33.949614
62,practical_salinity,"1, 2, 3, 4, 5, 6, 7, 8, 9",229475.000000,  33.620600,   0.216435,  32.476510,  33.485398,  33.658876,  33.796665,  33.970509
63,practical_salinity,"1, 2, 3, 4, 5, 6, 7, 8, 9",229196.000000,  33.687551,   0.188055,  32.648264,  33.570181,  33.728979,  33.839924,  33.977447
64,practical_salinity,"1, 2, 3, 4, 5, 6, 7, 8, 9",228450.000000,  33.739547,   0.164889,  32.747945,  33.637465,  33.780452,  33.872472,  33.989176
65,practical_salinity,"1, 2, 3, 4, 5, 6, 7, 8, 9",228159.000000,  33.780856,   0.145755,  32.954568,  33.689754,  33.819304,  33.896388,  33.998991
66,practical_salinity,"1, 2, 3, 4, 5, 6, 7, 8, 9",227788.000000,  33.813801,   0.129567,  33.085378,  33.737638,  33.848060,  33.914414,  33.999602
67,practical_salinity,"1, 2, 3, 4, 5, 6, 7, 8, 9",227962.000000,  33.841124,   0.115375,  33.211651,  33.777026,  33.871584,  33.928800,  34.011093
68,practical_salinity,"1, 2, 3, 4, 5, 6, 7, 8, 9",228307.000000,  33.863558,   0.102935,  33.289937,  33.809387,  33.889800,  33.939296,  34.012452
69,practical_salinity,"1, 2, 3, 4, 5, 6, 7, 8, 9",226989.000000,  33.883030,   0.092124,  33.300437,  33.837276,  33.905345,  33.948955,  34.019939
70,practical_salinity,"1, 2, 3, 4, 5, 6, 7, 8, 9",226507.000000,  33.899528,   0.082702,  33.306701,  33.861472,  33.917684,  33.957047,  34.028748
71,practical_salinity,"1, 2, 3, 4, 5, 6, 7, 8, 9",228795.000000,  33.913417,   0.074135,  33.315124,  33.880729,  33.927314,  33.963202,  34.029542
72,practical_salinity,"1, 2, 3, 4, 5, 6, 7, 8, 9",225278.000000,  33.925737,   0.067785,  33.261451,  33.897252,  33.937285,  33.969871,  34.041699
73,practical_salinity,"1, 2, 3, 4, 5, 6, 7, 8, 9",225253.000000,  33.936244,   0.061448,  33.321766,  33.910035,  33.945811,  33.975362,  34.037197
74,practical_salinity,"1, 2, 3, 4, 5, 6, 7, 8, 9",225248.000000,  33.945658,   0.056043,  33.309410,  33.921123,  33.953223,  33.980984,  34.044964
75,practical_salinity,"1, 2, 3, 4, 5, 6, 7, 8, 9",224731.000000,  33.953790,   0.051731,  33.335592,  33.931058,  33.959494,  33.985426,  34.048834
76,practical_salinity,"1, 2, 3, 4, 5, 6, 7, 8, 9",224533.000000,  33.960893,   0.048400,  32.196282,  33.938441,  33.965170,  33.989842,  34.089959
77,practical_salinity,"1, 2, 3, 4, 5, 6, 7, 8, 9",224030.000000,  33.967568,   0.045294,  33.420682,  33.945672,  33.970672,  33.994043,  34.127928
78,practical_salinity,"1, 2, 3, 4, 5, 6, 7, 8, 9",223900.000000,  33.973726,   0.043559,  33.235107,  33.952686,  33.975880,  33.998370,  34.128210
79,practical_salinity,"1, 2, 3, 4, 5, 6, 7, 8, 9",223861.000000,  33.979594,   0.040993,  33.094488,  33.959258,  33.980888,  34.002953,  34.122018
80,practical_salinity,"1, 2, 3, 4, 5, 6, 7, 8, 9",223742.000000,  33.985150,   0.039462,  33.574765,  33.965534,  33.985565,  34.007485,  34.074446
81,practical_salinity,"1, 2, 3, 4, 5, 6, 7, 8, 9",223459.000000,  33.990616,   0.038159,  33.191079,  33.971374,  33.990553,  34.011698,  34.081402
82,practical_salinity,"1, 2, 3, 4, 5, 6, 7, 8, 9",223011.000000,  33.995754,   0.037347,  33.577591,  33.976464,  33.995681,  34.015924,  34.088525
83,practical_salinity,"1, 2, 3, 4, 5, 6, 7, 8, 9",223034.000000,  34.000631,   0.036912,  32.709030,  33.981491,  34.000098,  34.020447,  34.093504
84,practical_salinity,"1, 2, 3, 4, 5, 6, 7, 8, 9",222742.000000,  34.005452,   0.036473,  33.481811,  33.986225,  34.004707,  34.024954,  34.101583
85,practical_salinity,"1, 2, 3, 4, 5, 6, 7, 8, 9",222742.000000,  34.010238,   0.036318,  33.600332,  33.991272,  34.009349,  34.029701,  34.109136
86,practical_salinity,"1, 2, 3, 4, 5, 6, 7, 8, 9",222579.000000,  34.015210,   0.036261,  33.504726,  33.996493,  34.014197,  34.034790,  34.115827
87,practical_salinity,"1, 2, 3, 4, 5, 6, 7, 8, 9",222260.000000,  34.020107,   0.036367,  33.607437,  34.001267,  34.019179,  34.039688,  34.120180
88,practical_salinity,"1, 2, 3, 4, 5, 6, 7, 8, 9",222063.000000,  34.024938,   0.036597,  33.507043,  34.005902,  34.024074,  34.044670,  34.122541
89,practical_salinity,"1, 2, 3, 4, 5, 6, 7, 8, 9",222302.000000,  34.029773,   0.036847,  33.616880,  34.010915,  34.029361,  34.049704,  34.128695
90,practical_salinity,"1, 2, 3, 4, 5, 6, 7, 8, 9",221475.000000,  34.034924,   0.037255,  33.621345,  34.016396,  34.034625,  34.054865,  34.136727
91,practical_salinity,"1, 2, 3, 4, 5, 6, 7, 8, 9",221756.000000,  34.039999,   0.037566,  33.623193,  34.021395,  34.039800,  34.060290,  34.143643
92,practical_salinity,"1, 2, 3, 4, 5, 6, 7, 8, 9",220615.000000,  34.045462,   0.037715,  33.625788,  34.026990,  34.045314,  34.065796,  34.151440
93,practical_salinity,"1, 2, 3, 4, 5, 6, 7, 8, 9",220512.000000,  34.050979,   0.037718,  33.629597,  34.032183,  34.050567,  34.071535,  34.158240
94,practical_salinity,"1, 2, 3, 4, 5, 6, 7, 8, 9",220412.000000,  34.056688,   0.037856,  33.629768,  34.037557,  34.056370,  34.077196,  34.164219
95,practical_salinity,"1, 2, 3, 4, 5, 6, 7, 8, 9",220043.000000,  34.062518,   0.038024,  33.640112,  34.043094,  34.061754,  34.083381,  34.174005
96,practical_salinity,"1, 2, 3, 4, 5, 6, 7, 8, 9",219669.000000,  34.068286,   0.038260,  33.346443,  34.048752,  34.067589,  34.089457,  34.176889
97,practical_salinity,"1, 2, 3, 4, 5, 6, 7, 8, 9",219673.000000,  34.074094,   0.038437,  33.647190,  34.054297,  34.073403,  34.095228,  34.187249
98,practical_salinity,"1, 2, 3, 4, 5, 6, 7, 8, 9",221981.000000,  34.079766,   0.038564,  33.650914,  34.059893,  34.078803,  34.100900,  34.187929
99,practical_salinity,"1, 2, 3, 4, 5, 6, 7, 8, 9",227614.000000,  34.085844,   0.038868,  33.654897,  34.065577,  34.084457,  34.108066,  34.197250
100,practical_salinity,"1, 2, 3, 4, 5, 6, 7, 8, 9",234013.000000,  34.091311,   0.039078,  33.658295,  34.070390,  34.089744,  34.114359,  34.208770
101,practical_salinity,"1, 2, 3, 4, 5, 6, 7, 8, 9",585189.000000,  34.108365,   0.040387,  33.661912,  34.083660,  34.106834,  34.133549,  34.211837
102,practical_salinity,"1, 2, 3, 4, 5, 6, 7, 8, 9",379269.000000,  34.093585,   0.035357,  33.555081,  34.076909,  34.094103,  34.114001,  34.179515
103,practical_salinity,"1, 2, 3, 4, 5, 6, 7, 8, 9", 825.000000,  34.081473,   0.004586,  34.069776,  34.082824,  34.083289,  34.083850,  34.087335
104,practical_salinity,"1, 2, 3, 4, 5, 6, 7, 8, 9",   0.000000,,,,,,,
105,practical_salinity,"1, 2, 3, 4, 5, 6, 7, 8, 9",71666.000000,  32.301751,   0.168197,  31.146157,  32.198359,  32.334416,  32.414259,  32.727538
106,practical_salinity,"1, 2, 3, 4, 5, 6, 7, 8, 9",769569.000000,  32.426906,   0.187017,  31.205032,  32.314172,  32.417067,  32.548071,  33.303457
107,practical_salinity,"1, 2, 3, 4, 5, 6, 7, 8, 9",300556.000000,  32.545691,   0.221901,  31.111045,  32.399695,  32.523046,  32.674921,  33.455331
108,practical_salinity,"1, 2, 3, 4, 5, 6, 7, 8, 9",269737.000000,  32.733104,   0.276145,  31.856683,  32.506940,  32.705845,  32.919386,  33.719632
109,practical_salinity,"1, 2, 3, 4, 5, 6, 7, 8, 9",247006.000000,  32.915104,   0.322232,  32.012711,  32.668520,  32.905636,  33.165700,  33.775818
110,practical_salinity,"1, 2, 3, 4, 5, 6, 7, 8, 9",236008.000000,  33.106198,   0.339515,  32.108465,  32.869195,  33.126937,  33.388258,  33.840330
111,practical_salinity,"1, 2, 3, 4, 5, 6, 7, 8, 9",233180.000000,  33.277765,   0.324423,  32.306742,  33.073048,  33.317191,  33.543235,  33.903709
112,practical_salinity,"1, 2, 3, 4, 5, 6, 7, 8, 9",231928.000000,  33.419885,   0.290895,  31.871968,  33.244154,  33.463323,  33.656024,  33.923299
113,practical_salinity,"1, 2, 3, 4, 5, 6, 7, 8, 9",230047.000000,  33.533229,   0.251490,  32.355795,  33.378501,  33.574599,  33.738678,  33.949614
114,practical_salinity,"1, 2, 3, 4, 5, 6, 7, 8, 9",229475.000000,  33.620600,   0.216435,  32.476510,  33.485398,  33.658876,  33.796665,  33.970509
115,practical_salinity,"1, 2, 3, 4, 5, 6, 7, 8, 9",229196.000000,  33.687551,   0.188055,  32.648264,  33.570181,  33.728979,  33.839924,  33.977447
116,practical_salinity,"1, 2, 3, 4, 5, 6, 7, 8, 9",228450.000000,  33.739547,   0.164889,  32.747945,  33.637465,  33.780452,  33.872472,  33.989176
117,practical_salinity,"1, 2, 3, 4, 5, 6, 7, 8, 9",228159.000000,  33.780856,   0.145755,  32.954568,  33.689754,  33.819304,  33.896388,  33.998991
118,practical_salinity,"1, 2, 3, 4, 5, 6, 7, 8, 9",227788.000000,  33.813801,   0.129567,  33.085378,  33.737638,  33.848060,  33.914414,  33.999602
119,practical_salinity,"1, 2, 3, 4, 5, 6, 7, 8, 9",227962.000000,  33.841124,   0.115375,  33.211651,  33.777026,  33.871584,  33.928800,  34.011093
120,practical_salinity,"1, 2, 3, 4, 5, 6, 7, 8, 9",228307.000000,  33.863558,   0.102935,  33.289937,  33.809387,  33.889800,  33.939296,  34.012452
121,practical_salinity,"1, 2, 3, 4, 5, 6, 7, 8, 9",226989.000000,  33.883030,   0.092124,  33.300437,  33.837276,  33.905345,  33.948955,  34.019939
122,practical_salinity,"1, 2, 3, 4, 5, 6, 7, 8, 9",226507.000000,  33.899528,   0.082702,  33.306701,  33.861472,  33.917684,  33.957047,  34.028748
123,practical_salinity,"1, 2, 3, 4, 5, 6, 7, 8, 9",228795.000000,  33.913417,   0.074135,  33.315124,  33.880729,  33.927314,  33.963202,  34.029542
124,practical_salinity,"1, 2, 3, 4, 5, 6, 7, 8, 9",225278.000000,  33.925737,   0.067785,  33.261451,  33.897252,  33.937285,  33.969871,  34.041699
125,practical_salinity,"1, 2, 3, 4, 5, 6, 7, 8, 9",225253.000000,  33.936244,   0.061448,  33.321766,  33.910035,  33.945811,  33.975362,  34.037197
126,practical_salinity,"1, 2, 3, 4, 5, 6, 7, 8, 9",225248.000000,  33.945658,   0.056043,  33.309410,  33.921123,  33.953223,  33.980984,  34.044964
127,practical_salinity,"1, 2, 3, 4, 5, 6, 7, 8, 9",224731.000000,  33.953790,   0.051731,  33.335592,  33.931058,  33.959494,  33.985426,  34.048834
128,practical_salinity,"1, 2, 3, 4, 5, 6, 7, 8, 9",224533.000000,  33.960893,   0.048400,  32.196282,  33.938441,  33.965170,  33.989842,  34.089959
129,practical_salinity,"1, 2, 3, 4, 5, 6, 7, 8, 9",224030.000000,  33.967568,   0.045294,  33.420682,  33.945672,  33.970672,  33.994043,  34.127928
130,practical_salinity,"1, 2, 3, 4, 5, 6, 7, 8, 9",223900.000000,  33.973726,   0.043559,  33.235107,  33.952686,  33.975880,  33.998370,  34.128210
131,practical_salinity,"1, 2, 3, 4, 5, 6, 7, 8, 9",223861.000000,  33.979594,   0.040993,  33.094488,  33.959258,  33.980888,  34.002953,  34.122018
132,practical_salinity,"1, 2, 3, 4, 5, 6, 7, 8, 9",223742.000000,  33.985150,   0.039462,  33.574765,  33.965534,  33.985565,  34.007485,  34.074446
133,practical_salinity,"1, 2, 3, 4, 5, 6, 7, 8, 9",223459.000000,  33.990616,   0.038159,  33.191079,  33.971374,  33.990553,  34.011698,  34.081402
134,practical_salinity,"1, 2, 3, 4, 5, 6, 7, 8, 9",223011.000000,  33.995754,   0.037347,  33.577591,  33.976464,  33.995681,  34.015924,  34.088525
135,practical_salinity,"1, 2, 3, 4, 5, 6, 7, 8, 9",223034.000000,  34.000631,   0.036912,  32.709030,  33.981491,  34.000098,  34.020447,  34.093504
136,practical_salinity,"1, 2, 3, 4, 5, 6, 7, 8, 9",222742.000000,  34.005452,   0.036473,  33.481811,  33.986225,  34.004707,  34.024954,  34.101583
137,practical_salinity,"1, 2, 3, 4, 5, 6, 7, 8, 9",222742.000000,  34.010238,   0.036318,  33.600332,  33.991272,  34.009349,  34.029701,  34.109136
138,practical_salinity,"1, 2, 3, 4, 5, 6, 7, 8, 9",222579.000000,  34.015210,   0.036261,  33.504726,  33.996493,  34.014197,  34.034790,  34.115827
139,practical_salinity,"1, 2, 3, 4, 5, 6, 7, 8, 9",222260.000000,  34.020107,   0.036367,  33.607437,  34.001267,  34.019179,  34.039688,  34.120180
140,practical_salinity,"1, 2, 3, 4, 5, 6, 7, 8, 9",222063.000000,  34.024938,   0.036597,  33.507043,  34.005902,  34.024074,  34.044670,  34.122541
141,practical_salinity,"1, 2, 3, 4, 5, 6, 7, 8, 9",222302.000000,  34.029773,   0.036847,  33.616880,  34.010915,  34.029361,  34.049704,  34.128695
142,practical_salinity,"1, 2, 3, 4, 5, 6, 7, 8, 9",221475.000000,  34.034924,   0.037255,  33.621345,  34.016396,  34.034625,  34.054865,  34.136727
143,practical_salinity,"1, 2, 3, 4, 5, 6, 7, 8, 9",221756.000000,  34.039999,   0.037566,  33.623193,  34.021395,  34.039800,  34.060290,  34.143643
144,practical_salinity,"1, 2, 3, 4, 5, 6, 7, 8, 9",220615.000000,  34.045462,   0.037715,  33.625788,  34.026990,  34.045314,  34.065796,  34.151440
145,practical_salinity,"1, 2, 3, 4, 5, 6, 7, 8, 9",220512.000000,  34.050979,   0.037718,  33.629597,  34.032183,  34.050567,  34.071535,  34.158240
146,practical_salinity,"1, 2, 3, 4, 5, 6, 7, 8, 9",220412.000000,  34.056688,   0.037856,  33.629768,  34.037557,  34.056370,  34.077196,  34.164219
147,practical_salinity,"1, 2, 3, 4, 5, 6, 7, 8, 9",220043.000000,  34.062518,   0.038024,  33.640112,  34.043094,  34.061754,  34.083381,  34.174005
148,practical_salinity,"1, 2, 3, 4, 5, 6, 7, 8, 9",219669.000000,  34.068286,   0.038260,  33.346443,  34.048752,  34.067589,  34.089457,  34.176889
149,practical_salinity,"1, 2, 3, 4, 5, 6, 7, 8, 9",219673.000000,  34.074094,   0.038437,  33.647190,  34.054297,  34.073403,  34.095228,  34.187249
150,practical_salinity,"1, 2, 3, 4, 5, 6, 7, 8, 9",221981.000000,  34.079766,   0.038564,  33.650914,  34.059893,  34.078803,  34.100900,  34.187929
151,practical_salinity,"1, 2, 3, 4, 5, 6, 7, 8, 9",227614.000000,  34.085844,   0.038868,  33.654897,  34.065577,  34.084457,  34.108066,  34.197250
152,practical_salinity,"1, 2, 3, 4, 5, 6, 7, 8, 9",234013.000000,  34.091311,   0.039078,  33.658295,  34.070390,  34.089744,  34.114359,  34.208770
153,practical_salinity,"1, 2, 3, 4, 5, 6, 7, 8, 9",585189.000000,  34.108365,   0.040387,  33.661912,  34.083660,  34.106834,  34.133549,  34.211837
154,practical_salinity,"1, 2, 3, 4, 5, 6, 7, 8, 9",379269.000000,  34.093585,   0.035357,  33.555081,  34.076909,  34.094103,  34.114001,  34.179515
155,practical_salinity,"1, 2, 3, 4, 5, 6, 7, 8, 9", 825.000000,  34.081473,   0.004586,  34.069776,  34.082824,  34.083289,  34.083850,  34.087335
156,ctdpf_ckl_seawater_temperature,"1, 2, 3, 4, 5, 6, 7, 8, 9",   0.000000,,,,,,,
157,ctdpf_ckl_seawater_temperature,"1, 2, 3, 4, 5, 6, 7, 8, 9",81697.000000,  11.247426,   1.150576,   8.936400,  10.514800,  10.960100,  11.597100,  16.080200
158,ctdpf_ckl_seawater_temperature,"1, 2, 3, 4, 5, 6, 7, 8, 9",900919.000000,  10.435080,   1.155470,   8.190400,   9.566800,  10.296300,  11.126400,  15.983500
159,ctdpf_ckl_seawater_temperature,"1, 2, 3, 4, 5, 6, 7, 8, 9",361777.000000,  10.036626,   0.970737,   8.127500,   9.248900,   9.871200,  10.705100,  14.610000
160,ctdpf_ckl_seawater_temperature,"1, 2, 3, 4, 5, 6, 7, 8, 9",315577.000000,   9.696992,   0.902021,   7.887500,   8.962000,   9.552100,  10.287900,  13.516300
161,ctdpf_ckl_seawater_temperature,"1, 2, 3, 4, 5, 6, 7, 8, 9",290533.000000,   9.467576,   0.857303,   7.479300,   8.776400,   9.342800,  10.006700,  13.073200
162,ctdpf_ckl_seawater_temperature,"1, 2, 3, 4, 5, 6, 7, 8, 9",277550.000000,   9.248134,   0.814546,   7.330400,   8.631100,   9.148400,   9.720500,  12.853500
163,ctdpf_ckl_seawater_temperature,"1, 2, 3, 4, 5, 6, 7, 8, 9",274514.000000,   9.021944,   0.760538,   7.242600,   8.475600,   8.912800,   9.411000,  12.607300
164,ctdpf_ckl_seawater_temperature,"1, 2, 3, 4, 5, 6, 7, 8, 9",273395.000000,   8.817266,   0.700092,   7.262100,   8.303000,   8.732600,   9.160400,  11.867200
165,ctdpf_ckl_seawater_temperature,"1, 2, 3, 4, 5, 6, 7, 8, 9",271806.000000,   8.630703,   0.639546,   7.263800,   8.144000,   8.581900,   8.974000,  11.790500
166,ctdpf_ckl_seawater_temperature,"1, 2, 3, 4, 5, 6, 7, 8, 9",270469.000000,   8.464738,   0.582949,   7.206200,   8.026000,   8.431300,   8.796400,  11.059900
167,ctdpf_ckl_seawater_temperature,"1, 2, 3, 4, 5, 6, 7, 8, 9",270153.000000,   8.315911,   0.539483,   7.042800,   7.922600,   8.281000,   8.643800,  10.895300
168,ctdpf_ckl_seawater_temperature,"1, 2, 3, 4, 5, 6, 7, 8, 9",269332.000000,   8.178742,   0.516113,   6.926400,   7.809900,   8.139950,   8.506700,  10.728200
169,ctdpf_ckl_seawater_temperature,"1, 2, 3, 4, 5, 6, 7, 8, 9",269286.000000,   8.050454,   0.505039,   6.727000,   7.697900,   8.011500,   8.383600,  10.353200
170,ctdpf_ckl_seawater_temperature,"1, 2, 3, 4, 5, 6, 7, 8, 9",268966.000000,   7.927384,   0.501405,   6.654500,   7.572400,   7.884500,   8.272600,  10.165200
171,ctdpf_ckl_seawater_temperature,"1, 2, 3, 4, 5, 6, 7, 8, 9",268978.000000,   7.807117,   0.497940,   6.507800,   7.446200,   7.756700,   8.152400,   9.877100
172,ctdpf_ckl_seawater_temperature,"1, 2, 3, 4, 5, 6, 7, 8, 9",269245.000000,   7.695183,   0.494674,   6.443900,   7.330100,   7.645000,   8.042900,   9.770200
173,ctdpf_ckl_seawater_temperature,"1, 2, 3, 4, 5, 6, 7, 8, 9",268017.000000,   7.585309,   0.490120,   6.373500,   7.217100,   7.542100,   7.923400,   9.583000
174,ctdpf_ckl_seawater_temperature,"1, 2, 3, 4, 5, 6, 7, 8, 9",267485.000000,   7.479138,   0.484169,   6.300900,   7.111900,   7.447200,   7.811500,   9.377000
175,ctdpf_ckl_seawater_temperature,"1, 2, 3, 4, 5, 6, 7, 8, 9",269633.000000,   7.375879,   0.477760,   6.220900,   7.017700,   7.339200,   7.696900,   9.204800
176,ctdpf_ckl_seawater_temperature,"1, 2, 3, 4, 5, 6, 7, 8, 9",266449.000000,   7.274252,   0.472938,   6.142900,   6.930900,   7.234100,   7.579200,   9.104900
177,ctdpf_ckl_seawater_temperature,"1, 2, 3, 4, 5, 6, 7, 8, 9",266459.000000,   7.177083,   0.466427,   6.037400,   6.841800,   7.139300,   7.472700,   9.001500
178,ctdpf_ckl_seawater_temperature,"1, 2, 3, 4, 5, 6, 7, 8, 9",266491.000000,   7.081509,   0.461101,   5.976800,   6.746700,   7.042700,   7.371000,   8.869600
179,ctdpf_ckl_seawater_temperature,"1, 2, 3, 4, 5, 6, 7, 8, 9",265937.000000,   6.989655,   0.452553,   5.946900,   6.654900,   6.952600,   7.271700,   8.829400
180,ctdpf_ckl_seawater_temperature,"1, 2, 3, 4, 5, 6, 7, 8, 9",265743.000000,   6.900517,   0.444598,   5.872900,   6.570800,   6.871100,   7.178200,   8.768800
181,ctdpf_ckl_seawater_temperature,"1, 2, 3, 4, 5, 6, 7, 8, 9",265230.000000,   6.813514,   0.435979,   5.732400,   6.484200,   6.792900,   7.088300,   8.686100
182,ctdpf_ckl_seawater_temperature,"1, 2, 3, 4, 5, 6, 7, 8, 9",265092.000000,   6.729381,   0.425162,   5.646100,   6.404600,   6.717500,   6.997300,   8.421600
183,ctdpf_ckl_seawater_temperature,"1, 2, 3, 4, 5, 6, 7, 8, 9",265046.000000,   6.647418,   0.413874,   5.569300,   6.330425,   6.641700,   6.912200,   8.243300
184,ctdpf_ckl_seawater_temperature,"1, 2, 3, 4, 5, 6, 7, 8, 9",265004.000000,   6.567860,   0.401960,   5.502900,   6.254000,   6.570800,   6.827700,   8.161500
185,ctdpf_ckl_seawater_temperature,"1, 2, 3, 4, 5, 6, 7, 8, 9",264694.000000,   6.493505,   0.391074,   5.484100,   6.184800,   6.499000,   6.747300,   8.105600
186,ctdpf_ckl_seawater_temperature,"1, 2, 3, 4, 5, 6, 7, 8, 9",264166.000000,   6.419024,   0.379695,   5.456600,   6.118000,   6.425300,   6.665300,   8.014200
187,ctdpf_ckl_seawater_temperature,"1, 2, 3, 4, 5, 6, 7, 8, 9",264232.000000,   6.346219,   0.369001,   5.376100,   6.055900,   6.355500,   6.588525,   7.754600
188,ctdpf_ckl_seawater_temperature,"1, 2, 3, 4, 5, 6, 7, 8, 9",263882.000000,   6.275494,   0.359185,   5.297300,   5.993400,   6.287700,   6.513975,   7.657200
189,ctdpf_ckl_seawater_temperature,"1, 2, 3, 4, 5, 6, 7, 8, 9",263964.000000,   6.206522,   0.350184,   5.259300,   5.934600,   6.219700,   6.438400,   7.637200
190,ctdpf_ckl_seawater_temperature,"1, 2, 3, 4, 5, 6, 7, 8, 9",263658.000000,   6.138771,   0.341337,   5.152800,   5.876200,   6.151700,   6.365000,   7.626500
191,ctdpf_ckl_seawater_temperature,"1, 2, 3, 4, 5, 6, 7, 8, 9",263345.000000,   6.072805,   0.332449,   5.116800,   5.822100,   6.085800,   6.296400,   7.613600
192,ctdpf_ckl_seawater_temperature,"1, 2, 3, 4, 5, 6, 7, 8, 9",262896.000000,   6.006667,   0.321782,   5.091800,   5.768200,   6.016300,   6.224800,   7.493200
193,ctdpf_ckl_seawater_temperature,"1, 2, 3, 4, 5, 6, 7, 8, 9",263219.000000,   5.942854,   0.311833,   5.033200,   5.712900,   5.951900,   6.157500,   7.291500
194,ctdpf_ckl_seawater_temperature,"1, 2, 3, 4, 5, 6, 7, 8, 9",262428.000000,   5.878884,   0.303257,   5.000100,   5.657400,   5.883700,   6.091700,   7.193700
195,ctdpf_ckl_seawater_temperature,"1, 2, 3, 4, 5, 6, 7, 8, 9",262510.000000,   5.815792,   0.293880,   4.961700,   5.602600,   5.820900,   6.024400,   7.073400
196,ctdpf_ckl_seawater_temperature,"1, 2, 3, 4, 5, 6, 7, 8, 9",261563.000000,   5.752440,   0.286998,   4.891600,   5.543800,   5.758600,   5.958100,   6.894200
197,ctdpf_ckl_seawater_temperature,"1, 2, 3, 4, 5, 6, 7, 8, 9",261369.000000,   5.692229,   0.281245,   4.839300,   5.489100,   5.699200,   5.893000,   6.798700
198,ctdpf_ckl_seawater_temperature,"1, 2, 3, 4, 5, 6, 7, 8, 9",261013.000000,   5.632141,   0.275210,   4.772400,   5.438100,   5.634800,   5.829600,   6.686600
199,ctdpf_ckl_seawater_temperature,"1, 2, 3, 4, 5, 6, 7, 8, 9",260634.000000,   5.573834,   0.269375,   4.731800,   5.388300,   5.576000,   5.766200,   6.546100
200,ctdpf_ckl_seawater_temperature,"1, 2, 3, 4, 5, 6, 7, 8, 9",260293.000000,   5.517262,   0.263931,   4.684700,   5.338800,   5.518700,   5.705300,   6.495600
201,ctdpf_ckl_seawater_temperature,"1, 2, 3, 4, 5, 6, 7, 8, 9",260584.000000,   5.462411,   0.260124,   4.637900,   5.287300,   5.465700,   5.648100,   6.476900
202,ctdpf_ckl_seawater_temperature,"1, 2, 3, 4, 5, 6, 7, 8, 9",262698.000000,   5.409248,   0.258689,   4.601400,   5.237800,   5.411800,   5.592000,   6.337200
203,ctdpf_ckl_seawater_temperature,"1, 2, 3, 4, 5, 6, 7, 8, 9",267548.000000,   5.357226,   0.260274,   4.580800,   5.187800,   5.358400,   5.542900,   6.256100
204,ctdpf_ckl_seawater_temperature,"1, 2, 3, 4, 5, 6, 7, 8, 9",273983.000000,   5.308066,   0.259253,   4.514900,   5.142000,   5.309900,   5.489800,   6.104800
205,ctdpf_ckl_seawater_temperature,"1, 2, 3, 4, 5, 6, 7, 8, 9",698393.000000,   5.281876,   0.253726,   4.527200,   5.103300,   5.272100,   5.461900,   6.054600
206,ctdpf_ckl_seawater_temperature,"1, 2, 3, 4, 5, 6, 7, 8, 9",454512.000000,   5.213080,   0.237503,   4.521500,   5.058100,   5.221600,   5.382400,   5.966300
207,ctdpf_ckl_seawater_temperature,"1, 2, 3, 4, 5, 6, 7, 8, 9", 825.000000,   5.557877,   0.036307,   5.513900,   5.539700,   5.544700,   5.546100,   5.644900
208,ctdpf_ckl_seawater_conductivity,"1, 2, 3, 4, 5, 6, 7, 8, 9",   0.000000,,,,,,,
209,ctdpf_ckl_seawater_conductivity,"1, 2, 3, 4, 5, 6, 7, 8, 9",75923.000000,   3.654030,   0.097926,   3.434540,   3.588620,   3.626220,   3.694095,   4.066160
210,ctdpf_ckl_seawater_conductivity,"1, 2, 3, 4, 5, 6, 7, 8, 9",859063.000000,   3.598699,   0.091845,   3.336680,   3.528920,   3.587700,   3.651580,   4.057280
211,ctdpf_ckl_seawater_conductivity,"1, 2, 3, 4, 5, 6, 7, 8, 9",343502.000000,   3.576953,   0.076984,   3.339530,   3.515620,   3.563895,   3.626750,   3.931390
212,ctdpf_ckl_seawater_conductivity,"1, 2, 3, 4, 5, 6, 7, 8, 9",297728.000000,   3.565587,   0.069441,   3.360560,   3.511680,   3.554660,   3.605780,   3.899110
213,ctdpf_ckl_seawater_conductivity,"1, 2, 3, 4, 5, 6, 7, 8, 9",274389.000000,   3.563777,   0.066128,   3.368910,   3.516440,   3.556920,   3.599700,   3.866510
214,ctdpf_ckl_seawater_conductivity,"1, 2, 3, 4, 5, 6, 7, 8, 9",263040.000000,   3.563118,   0.064082,   3.362230,   3.520660,   3.560000,   3.599130,   3.838320
215,ctdpf_ckl_seawater_conductivity,"1, 2, 3, 4, 5, 6, 7, 8, 9",260216.000000,   3.560057,   0.061410,   3.364190,   3.518728,   3.560370,   3.597880,   3.798660
216,ctdpf_ckl_seawater_conductivity,"1, 2, 3, 4, 5, 6, 7, 8, 9",259209.000000,   3.555621,   0.058468,   3.331790,   3.514420,   3.558110,   3.594110,   3.745660
217,ctdpf_ckl_seawater_conductivity,"1, 2, 3, 4, 5, 6, 7, 8, 9",257622.000000,   3.549676,   0.054762,   3.371320,   3.510310,   3.553100,   3.587178,   3.727770
218,ctdpf_ckl_seawater_conductivity,"1, 2, 3, 4, 5, 6, 7, 8, 9",256427.000000,   3.542956,   0.049831,   3.374040,   3.505950,   3.544970,   3.578115,   3.719840
219,ctdpf_ckl_seawater_conductivity,"1, 2, 3, 4, 5, 6, 7, 8, 9",256179.000000,   3.535794,   0.045152,   3.378510,   3.501010,   3.536840,   3.568540,   3.710070
220,ctdpf_ckl_seawater_conductivity,"1, 2, 3, 4, 5, 6, 7, 8, 9",255302.000000,   3.528489,   0.042204,   3.401960,   3.496240,   3.528170,   3.559400,   3.687050
221,ctdpf_ckl_seawater_conductivity,"1, 2, 3, 4, 5, 6, 7, 8, 9",255271.000000,   3.521052,   0.040579,   3.411280,   3.490890,   3.519860,   3.551260,   3.670580
222,ctdpf_ckl_seawater_conductivity,"1, 2, 3, 4, 5, 6, 7, 8, 9",254974.000000,   3.513248,   0.040047,   3.407840,   3.484000,   3.511110,   3.542780,   3.657990
223,ctdpf_ckl_seawater_conductivity,"1, 2, 3, 4, 5, 6, 7, 8, 9",254943.000000,   3.505242,   0.039796,   3.404380,   3.475590,   3.502130,   3.535200,   3.640660
224,ctdpf_ckl_seawater_conductivity,"1, 2, 3, 4, 5, 6, 7, 8, 9",255147.000000,   3.497550,   0.039700,   3.401220,   3.467360,   3.494130,   3.527450,   3.636260
225,ctdpf_ckl_seawater_conductivity,"1, 2, 3, 4, 5, 6, 7, 8, 9",253961.000000,   3.489752,   0.039644,   3.397440,   3.459500,   3.486820,   3.519430,   3.619960
226,ctdpf_ckl_seawater_conductivity,"1, 2, 3, 4, 5, 6, 7, 8, 9",253401.000000,   3.482061,   0.039536,   3.385950,   3.452060,   3.479960,   3.511560,   3.606150
227,ctdpf_ckl_seawater_conductivity,"1, 2, 3, 4, 5, 6, 7, 8, 9",255919.000000,   3.474323,   0.039353,   3.374780,   3.445140,   3.471550,   3.502850,   3.604470
228,ctdpf_ckl_seawater_conductivity,"1, 2, 3, 4, 5, 6, 7, 8, 9",252253.000000,   3.466676,   0.039255,   3.369380,   3.437980,   3.463590,   3.494310,   3.596600
229,ctdpf_ckl_seawater_conductivity,"1, 2, 3, 4, 5, 6, 7, 8, 9",252332.000000,   3.459172,   0.038971,   3.360630,   3.431100,   3.456555,   3.485660,   3.589780
230,ctdpf_ckl_seawater_conductivity,"1, 2, 3, 4, 5, 6, 7, 8, 9",252373.000000,   3.451717,   0.038722,   3.355290,   3.423640,   3.449130,   3.477580,   3.582570
231,ctdpf_ckl_seawater_conductivity,"1, 2, 3, 4, 5, 6, 7, 8, 9",252156.000000,   3.444558,   0.038189,   3.349940,   3.416540,   3.442190,   3.469280,   3.570860
232,ctdpf_ckl_seawater_conductivity,"1, 2, 3, 4, 5, 6, 7, 8, 9",251557.000000,   3.437563,   0.037747,   3.338630,   3.409580,   3.435610,   3.462090,   3.563650
233,ctdpf_ckl_seawater_conductivity,"1, 2, 3, 4, 5, 6, 7, 8, 9",251094.000000,   3.430743,   0.037173,   3.325960,   3.402800,   3.429210,   3.454950,   3.554570
234,ctdpf_ckl_seawater_conductivity,"1, 2, 3, 4, 5, 6, 7, 8, 9",250953.000000,   3.424070,   0.036330,   3.317870,   3.396710,   3.423140,   3.447920,   3.553710
235,ctdpf_ckl_seawater_conductivity,"1, 2, 3, 4, 5, 6, 7, 8, 9",250920.000000,   3.417588,   0.035406,   3.311580,   3.390760,   3.417520,   3.441140,   3.546940
236,ctdpf_ckl_seawater_conductivity,"1, 2, 3, 4, 5, 6, 7, 8, 9",250824.000000,   3.411333,   0.034390,   3.306610,   3.384930,   3.412010,   3.434430,   3.535350
237,ctdpf_ckl_seawater_conductivity,"1, 2, 3, 4, 5, 6, 7, 8, 9",250502.000000,   3.405537,   0.033377,   3.305860,   3.379560,   3.406590,   3.427700,   3.522990
238,ctdpf_ckl_seawater_conductivity,"1, 2, 3, 4, 5, 6, 7, 8, 9",249979.000000,   3.399734,   0.032440,   3.310180,   3.374540,   3.400890,   3.421020,   3.509790
239,ctdpf_ckl_seawater_conductivity,"1, 2, 3, 4, 5, 6, 7, 8, 9",250017.000000,   3.394083,   0.031504,   3.310680,   3.370020,   3.395230,   3.414970,   3.506920
240,ctdpf_ckl_seawater_conductivity,"1, 2, 3, 4, 5, 6, 7, 8, 9",249692.000000,   3.388598,   0.030634,   3.301500,   3.365720,   3.389930,   3.409060,   3.503860
241,ctdpf_ckl_seawater_conductivity,"1, 2, 3, 4, 5, 6, 7, 8, 9",249764.000000,   3.383266,   0.029816,   3.301160,   3.361360,   3.384550,   3.403250,   3.502740
242,ctdpf_ckl_seawater_conductivity,"1, 2, 3, 4, 5, 6, 7, 8, 9",249439.000000,   3.378035,   0.028997,   3.292600,   3.356900,   3.379270,   3.397510,   3.503320
243,ctdpf_ckl_seawater_conductivity,"1, 2, 3, 4, 5, 6, 7, 8, 9",249108.000000,   3.372956,   0.028151,   3.285390,   3.352770,   3.373890,   3.392080,   3.502580
244,ctdpf_ckl_seawater_conductivity,"1, 2, 3, 4, 5, 6, 7, 8, 9",248705.000000,   3.367820,   0.027158,   3.289250,   3.348510,   3.368660,   3.386580,   3.493390
245,ctdpf_ckl_seawater_conductivity,"1, 2, 3, 4, 5, 6, 7, 8, 9",249022.000000,   3.362923,   0.026251,   3.287030,   3.344370,   3.363500,   3.380990,   3.476060
246,ctdpf_ckl_seawater_conductivity,"1, 2, 3, 4, 5, 6, 7, 8, 9",248286.000000,   3.358053,   0.025477,   3.282320,   3.340200,   3.358220,   3.375920,   3.469320
247,ctdpf_ckl_seawater_conductivity,"1, 2, 3, 4, 5, 6, 7, 8, 9",248352.000000,   3.353284,   0.024625,   3.280420,   3.336060,   3.353340,   3.370550,   3.459050
248,ctdpf_ckl_seawater_conductivity,"1, 2, 3, 4, 5, 6, 7, 8, 9",247459.000000,   3.348549,   0.024005,   3.274800,   3.331780,   3.348690,   3.365600,   3.444530
249,ctdpf_ckl_seawater_conductivity,"1, 2, 3, 4, 5, 6, 7, 8, 9",247265.000000,   3.344094,   0.023433,   3.270980,   3.327880,   3.344360,   3.360510,   3.436600
250,ctdpf_ckl_seawater_conductivity,"1, 2, 3, 4, 5, 6, 7, 8, 9",247095.000000,   3.339627,   0.022897,   3.269850,   3.324050,   3.339700,   3.355620,   3.422670
251,ctdpf_ckl_seawater_conductivity,"1, 2, 3, 4, 5, 6, 7, 8, 9",246627.000000,   3.335398,   0.022341,   3.266060,   3.320540,   3.335390,   3.351130,   3.415340
252,ctdpf_ckl_seawater_conductivity,"1, 2, 3, 4, 5, 6, 7, 8, 9",246292.000000,   3.331337,   0.021837,   3.262750,   3.317140,   3.331260,   3.346620,   3.411350
253,ctdpf_ckl_seawater_conductivity,"1, 2, 3, 4, 5, 6, 7, 8, 9",246639.000000,   3.327449,   0.021471,   3.259780,   3.313580,   3.327510,   3.342380,   3.409990
254,ctdpf_ckl_seawater_conductivity,"1, 2, 3, 4, 5, 6, 7, 8, 9",248884.000000,   3.323593,   0.021234,   3.257340,   3.309800,   3.323630,   3.338180,   3.398460
255,ctdpf_ckl_seawater_conductivity,"1, 2, 3, 4, 5, 6, 7, 8, 9",252958.000000,   3.320063,   0.021345,   3.256280,   3.306580,   3.320040,   3.334770,   3.391740
256,ctdpf_ckl_seawater_conductivity,"1, 2, 3, 4, 5, 6, 7, 8, 9",258775.000000,   3.316794,   0.021087,   3.252970,   3.303570,   3.316860,   3.331210,   3.380020
257,ctdpf_ckl_seawater_conductivity,"1, 2, 3, 4, 5, 6, 7, 8, 9",652870.000000,   3.316479,   0.020621,   3.254250,   3.302370,   3.315330,   3.330770,   3.378130
258,ctdpf_ckl_seawater_conductivity,"1, 2, 3, 4, 5, 6, 7, 8, 9",436517.000000,   3.308538,   0.019110,   3.249570,   3.296400,   3.309080,   3.322010,   3.369630
